24-10-13.00:07:21.217 [main            ] INFO  RaffleStrategyTest     - Starting RaffleStrategyTest using Java 1.8.0_281 on leeseemonster with PID 31448 (started by 程力骁 in D:\work\big-market\big-market\big-market-app)
24-10-13.00:07:21.224 [main            ] INFO  RaffleStrategyTest     - The following 1 profile is active: "dev"
24-10-13.00:07:22.024 [main            ] INFO  RepositoryConfigurationDelegate - Multiple Spring Data modules found, entering strict repository configuration mode
24-10-13.00:07:22.027 [main            ] INFO  RepositoryConfigurationDelegate - Bootstrapping Spring Data Redis repositories in DEFAULT mode.
24-10-13.00:07:22.053 [main            ] INFO  RepositoryConfigurationDelegate - Finished Spring Data repository scanning in 12 ms. Found 0 Redis repository interfaces.
24-10-13.00:07:23.558 [main            ] INFO  Version                - Redisson 3.23.4
24-10-13.00:07:35.461 [main            ] WARN  GenericWebApplicationContext - Exception encountered during context initialization - cancelling refresh attempt: org.springframework.beans.factory.BeanCreationException: Error creating bean with name 'strategyArmoryDispatch': Injection of resource dependencies failed; nested exception is org.springframework.beans.factory.BeanCreationException: Error creating bean with name 'strategyRepository': Injection of resource dependencies failed; nested exception is org.springframework.beans.factory.BeanCreationException: Error creating bean with name 'redissonService': Injection of resource dependencies failed; nested exception is org.springframework.beans.factory.BeanCreationException: Error creating bean with name 'redissonClient' defined in class path resource [com/leesee/config/RedisClientConfig.class]: Bean instantiation via factory method failed; nested exception is org.springframework.beans.BeanInstantiationException: Failed to instantiate [org.redisson.api.RedissonClient]: Factory method 'redissonClient' threw exception; nested exception is org.redisson.client.RedisConnectionException: Unable to connect to Redis server: 127.0.0.1/127.0.0.1:16379
24-10-13.00:07:35.474 [main            ] INFO  ConditionEvaluationReportLoggingListener - 

Error starting ApplicationContext. To display the conditions report re-run your application with 'debug' enabled.
24-10-13.00:07:35.497 [main            ] ERROR SpringApplication      - Application run failed
org.springframework.beans.factory.BeanCreationException: Error creating bean with name 'strategyArmoryDispatch': Injection of resource dependencies failed; nested exception is org.springframework.beans.factory.BeanCreationException: Error creating bean with name 'strategyRepository': Injection of resource dependencies failed; nested exception is org.springframework.beans.factory.BeanCreationException: Error creating bean with name 'redissonService': Injection of resource dependencies failed; nested exception is org.springframework.beans.factory.BeanCreationException: Error creating bean with name 'redissonClient' defined in class path resource [com/leesee/config/RedisClientConfig.class]: Bean instantiation via factory method failed; nested exception is org.springframework.beans.BeanInstantiationException: Failed to instantiate [org.redisson.api.RedissonClient]: Factory method 'redissonClient' threw exception; nested exception is org.redisson.client.RedisConnectionException: Unable to connect to Redis server: 127.0.0.1/127.0.0.1:16379
	at org.springframework.context.annotation.CommonAnnotationBeanPostProcessor.postProcessProperties(CommonAnnotationBeanPostProcessor.java:332)
	at org.springframework.beans.factory.support.AbstractAutowireCapableBeanFactory.populateBean(AbstractAutowireCapableBeanFactory.java:1431)
	at org.springframework.beans.factory.support.AbstractAutowireCapableBeanFactory.doCreateBean(AbstractAutowireCapableBeanFactory.java:619)
	at org.springframework.beans.factory.support.AbstractAutowireCapableBeanFactory.createBean(AbstractAutowireCapableBeanFactory.java:542)
	at org.springframework.beans.factory.support.AbstractBeanFactory.lambda$doGetBean$0(AbstractBeanFactory.java:335)
	at org.springframework.beans.factory.support.DefaultSingletonBeanRegistry.getSingleton(DefaultSingletonBeanRegistry.java:234)
	at org.springframework.beans.factory.support.AbstractBeanFactory.doGetBean(AbstractBeanFactory.java:333)
	at org.springframework.beans.factory.support.AbstractBeanFactory.getBean(AbstractBeanFactory.java:208)
	at org.springframework.beans.factory.support.DefaultListableBeanFactory.preInstantiateSingletons(DefaultListableBeanFactory.java:955)
	at org.springframework.context.support.AbstractApplicationContext.finishBeanFactoryInitialization(AbstractApplicationContext.java:920)
	at org.springframework.context.support.AbstractApplicationContext.refresh(AbstractApplicationContext.java:583)
	at org.springframework.boot.SpringApplication.refresh(SpringApplication.java:731)
	at org.springframework.boot.SpringApplication.refreshContext(SpringApplication.java:408)
	at org.springframework.boot.SpringApplication.run(SpringApplication.java:307)
	at org.springframework.boot.test.context.SpringBootContextLoader.loadContext(SpringBootContextLoader.java:136)
	at org.springframework.test.context.cache.DefaultCacheAwareContextLoaderDelegate.loadContextInternal(DefaultCacheAwareContextLoaderDelegate.java:141)
	at org.springframework.test.context.cache.DefaultCacheAwareContextLoaderDelegate.loadContext(DefaultCacheAwareContextLoaderDelegate.java:90)
	at org.springframework.test.context.support.DefaultTestContext.getApplicationContext(DefaultTestContext.java:124)
	at org.springframework.test.context.web.ServletTestExecutionListener.setUpRequestContextIfNecessary(ServletTestExecutionListener.java:190)
	at org.springframework.test.context.web.ServletTestExecutionListener.prepareTestInstance(ServletTestExecutionListener.java:132)
	at org.springframework.test.context.TestContextManager.prepareTestInstance(TestContextManager.java:248)
	at org.springframework.test.context.junit4.SpringJUnit4ClassRunner.createTest(SpringJUnit4ClassRunner.java:227)
	at org.springframework.test.context.junit4.SpringJUnit4ClassRunner$1.runReflectiveCall(SpringJUnit4ClassRunner.java:289)
	at org.junit.internal.runners.model.ReflectiveCallable.run(ReflectiveCallable.java:12)
	at org.springframework.test.context.junit4.SpringJUnit4ClassRunner.methodBlock(SpringJUnit4ClassRunner.java:291)
	at org.springframework.test.context.junit4.SpringJUnit4ClassRunner.runChild(SpringJUnit4ClassRunner.java:246)
	at org.springframework.test.context.junit4.SpringJUnit4ClassRunner.runChild(SpringJUnit4ClassRunner.java:97)
	at org.junit.runners.ParentRunner$4.run(ParentRunner.java:331)
	at org.junit.runners.ParentRunner$1.schedule(ParentRunner.java:79)
	at org.junit.runners.ParentRunner.runChildren(ParentRunner.java:329)
	at org.junit.runners.ParentRunner.access$100(ParentRunner.java:66)
	at org.junit.runners.ParentRunner$2.evaluate(ParentRunner.java:293)
	at org.springframework.test.context.junit4.statements.RunBeforeTestClassCallbacks.evaluate(RunBeforeTestClassCallbacks.java:61)
	at org.springframework.test.context.junit4.statements.RunAfterTestClassCallbacks.evaluate(RunAfterTestClassCallbacks.java:70)
	at org.junit.runners.ParentRunner$3.evaluate(ParentRunner.java:306)
	at org.junit.runners.ParentRunner.run(ParentRunner.java:413)
	at org.springframework.test.context.junit4.SpringJUnit4ClassRunner.run(SpringJUnit4ClassRunner.java:190)
	at org.junit.runner.JUnitCore.run(JUnitCore.java:137)
	at com.intellij.junit4.JUnit4IdeaTestRunner.startRunnerWithArgs(JUnit4IdeaTestRunner.java:69)
	at com.intellij.rt.junit.IdeaTestRunner$Repeater$1.execute(IdeaTestRunner.java:38)
	at com.intellij.rt.execution.junit.TestsRepeater.repeat(TestsRepeater.java:11)
	at com.intellij.rt.junit.IdeaTestRunner$Repeater.startRunnerWithArgs(IdeaTestRunner.java:35)
	at com.intellij.rt.junit.JUnitStarter.prepareStreamsAndStart(JUnitStarter.java:235)
	at com.intellij.rt.junit.JUnitStarter.main(JUnitStarter.java:54)
Caused by: org.springframework.beans.factory.BeanCreationException: Error creating bean with name 'strategyRepository': Injection of resource dependencies failed; nested exception is org.springframework.beans.factory.BeanCreationException: Error creating bean with name 'redissonService': Injection of resource dependencies failed; nested exception is org.springframework.beans.factory.BeanCreationException: Error creating bean with name 'redissonClient' defined in class path resource [com/leesee/config/RedisClientConfig.class]: Bean instantiation via factory method failed; nested exception is org.springframework.beans.BeanInstantiationException: Failed to instantiate [org.redisson.api.RedissonClient]: Factory method 'redissonClient' threw exception; nested exception is org.redisson.client.RedisConnectionException: Unable to connect to Redis server: 127.0.0.1/127.0.0.1:16379
	at org.springframework.context.annotation.CommonAnnotationBeanPostProcessor.postProcessProperties(CommonAnnotationBeanPostProcessor.java:332)
	at org.springframework.beans.factory.support.AbstractAutowireCapableBeanFactory.populateBean(AbstractAutowireCapableBeanFactory.java:1431)
	at org.springframework.beans.factory.support.AbstractAutowireCapableBeanFactory.doCreateBean(AbstractAutowireCapableBeanFactory.java:619)
	at org.springframework.beans.factory.support.AbstractAutowireCapableBeanFactory.createBean(AbstractAutowireCapableBeanFactory.java:542)
	at org.springframework.beans.factory.support.AbstractBeanFactory.lambda$doGetBean$0(AbstractBeanFactory.java:335)
	at org.springframework.beans.factory.support.DefaultSingletonBeanRegistry.getSingleton(DefaultSingletonBeanRegistry.java:234)
	at org.springframework.beans.factory.support.AbstractBeanFactory.doGetBean(AbstractBeanFactory.java:333)
	at org.springframework.beans.factory.support.AbstractBeanFactory.getBean(AbstractBeanFactory.java:208)
	at org.springframework.beans.factory.config.DependencyDescriptor.resolveCandidate(DependencyDescriptor.java:276)
	at org.springframework.beans.factory.support.DefaultListableBeanFactory.doResolveDependency(DefaultListableBeanFactory.java:1391)
	at org.springframework.beans.factory.support.DefaultListableBeanFactory.resolveDependency(DefaultListableBeanFactory.java:1311)
	at org.springframework.context.annotation.CommonAnnotationBeanPostProcessor.autowireResource(CommonAnnotationBeanPostProcessor.java:544)
	at org.springframework.context.annotation.CommonAnnotationBeanPostProcessor.getResource(CommonAnnotationBeanPostProcessor.java:520)
	at org.springframework.context.annotation.CommonAnnotationBeanPostProcessor$ResourceElement.getResourceToInject(CommonAnnotationBeanPostProcessor.java:673)
	at org.springframework.beans.factory.annotation.InjectionMetadata$InjectedElement.inject(InjectionMetadata.java:228)
	at org.springframework.beans.factory.annotation.InjectionMetadata.inject(InjectionMetadata.java:119)
	at org.springframework.context.annotation.CommonAnnotationBeanPostProcessor.postProcessProperties(CommonAnnotationBeanPostProcessor.java:329)
	... 43 common frames omitted
Caused by: org.springframework.beans.factory.BeanCreationException: Error creating bean with name 'redissonService': Injection of resource dependencies failed; nested exception is org.springframework.beans.factory.BeanCreationException: Error creating bean with name 'redissonClient' defined in class path resource [com/leesee/config/RedisClientConfig.class]: Bean instantiation via factory method failed; nested exception is org.springframework.beans.BeanInstantiationException: Failed to instantiate [org.redisson.api.RedissonClient]: Factory method 'redissonClient' threw exception; nested exception is org.redisson.client.RedisConnectionException: Unable to connect to Redis server: 127.0.0.1/127.0.0.1:16379
	at org.springframework.context.annotation.CommonAnnotationBeanPostProcessor.postProcessProperties(CommonAnnotationBeanPostProcessor.java:332)
	at org.springframework.beans.factory.support.AbstractAutowireCapableBeanFactory.populateBean(AbstractAutowireCapableBeanFactory.java:1431)
	at org.springframework.beans.factory.support.AbstractAutowireCapableBeanFactory.doCreateBean(AbstractAutowireCapableBeanFactory.java:619)
	at org.springframework.beans.factory.support.AbstractAutowireCapableBeanFactory.createBean(AbstractAutowireCapableBeanFactory.java:542)
	at org.springframework.beans.factory.support.AbstractBeanFactory.lambda$doGetBean$0(AbstractBeanFactory.java:335)
	at org.springframework.beans.factory.support.DefaultSingletonBeanRegistry.getSingleton(DefaultSingletonBeanRegistry.java:234)
	at org.springframework.beans.factory.support.AbstractBeanFactory.doGetBean(AbstractBeanFactory.java:333)
	at org.springframework.beans.factory.support.AbstractBeanFactory.getBean(AbstractBeanFactory.java:208)
	at org.springframework.beans.factory.config.DependencyDescriptor.resolveCandidate(DependencyDescriptor.java:276)
	at org.springframework.beans.factory.support.DefaultListableBeanFactory.doResolveDependency(DefaultListableBeanFactory.java:1391)
	at org.springframework.beans.factory.support.DefaultListableBeanFactory.resolveDependency(DefaultListableBeanFactory.java:1311)
	at org.springframework.context.annotation.CommonAnnotationBeanPostProcessor.autowireResource(CommonAnnotationBeanPostProcessor.java:544)
	at org.springframework.context.annotation.CommonAnnotationBeanPostProcessor.getResource(CommonAnnotationBeanPostProcessor.java:520)
	at org.springframework.context.annotation.CommonAnnotationBeanPostProcessor$ResourceElement.getResourceToInject(CommonAnnotationBeanPostProcessor.java:673)
	at org.springframework.beans.factory.annotation.InjectionMetadata$InjectedElement.inject(InjectionMetadata.java:228)
	at org.springframework.beans.factory.annotation.InjectionMetadata.inject(InjectionMetadata.java:119)
	at org.springframework.context.annotation.CommonAnnotationBeanPostProcessor.postProcessProperties(CommonAnnotationBeanPostProcessor.java:329)
	... 59 common frames omitted
Caused by: org.springframework.beans.factory.BeanCreationException: Error creating bean with name 'redissonClient' defined in class path resource [com/leesee/config/RedisClientConfig.class]: Bean instantiation via factory method failed; nested exception is org.springframework.beans.BeanInstantiationException: Failed to instantiate [org.redisson.api.RedissonClient]: Factory method 'redissonClient' threw exception; nested exception is org.redisson.client.RedisConnectionException: Unable to connect to Redis server: 127.0.0.1/127.0.0.1:16379
	at org.springframework.beans.factory.support.ConstructorResolver.instantiate(ConstructorResolver.java:658)
	at org.springframework.beans.factory.support.ConstructorResolver.instantiateUsingFactoryMethod(ConstructorResolver.java:638)
	at org.springframework.beans.factory.support.AbstractAutowireCapableBeanFactory.instantiateUsingFactoryMethod(AbstractAutowireCapableBeanFactory.java:1352)
	at org.springframework.beans.factory.support.AbstractAutowireCapableBeanFactory.createBeanInstance(AbstractAutowireCapableBeanFactory.java:1195)
	at org.springframework.beans.factory.support.AbstractAutowireCapableBeanFactory.doCreateBean(AbstractAutowireCapableBeanFactory.java:582)
	at org.springframework.beans.factory.support.AbstractAutowireCapableBeanFactory.createBean(AbstractAutowireCapableBeanFactory.java:542)
	at org.springframework.beans.factory.support.AbstractBeanFactory.lambda$doGetBean$0(AbstractBeanFactory.java:335)
	at org.springframework.beans.factory.support.DefaultSingletonBeanRegistry.getSingleton(DefaultSingletonBeanRegistry.java:234)
	at org.springframework.beans.factory.support.AbstractBeanFactory.doGetBean(AbstractBeanFactory.java:333)
	at org.springframework.beans.factory.support.AbstractBeanFactory.getBean(AbstractBeanFactory.java:213)
	at org.springframework.beans.factory.support.AbstractAutowireCapableBeanFactory.resolveBeanByName(AbstractAutowireCapableBeanFactory.java:479)
	at org.springframework.context.annotation.CommonAnnotationBeanPostProcessor.autowireResource(CommonAnnotationBeanPostProcessor.java:550)
	at org.springframework.context.annotation.CommonAnnotationBeanPostProcessor.getResource(CommonAnnotationBeanPostProcessor.java:520)
	at org.springframework.context.annotation.CommonAnnotationBeanPostProcessor$ResourceElement.getResourceToInject(CommonAnnotationBeanPostProcessor.java:673)
	at org.springframework.beans.factory.annotation.InjectionMetadata$InjectedElement.inject(InjectionMetadata.java:228)
	at org.springframework.beans.factory.annotation.InjectionMetadata.inject(InjectionMetadata.java:119)
	at org.springframework.context.annotation.CommonAnnotationBeanPostProcessor.postProcessProperties(CommonAnnotationBeanPostProcessor.java:329)
	... 75 common frames omitted
Caused by: org.springframework.beans.BeanInstantiationException: Failed to instantiate [org.redisson.api.RedissonClient]: Factory method 'redissonClient' threw exception; nested exception is org.redisson.client.RedisConnectionException: Unable to connect to Redis server: 127.0.0.1/127.0.0.1:16379
	at org.springframework.beans.factory.support.SimpleInstantiationStrategy.instantiate(SimpleInstantiationStrategy.java:185)
	at org.springframework.beans.factory.support.ConstructorResolver.instantiate(ConstructorResolver.java:653)
	... 91 common frames omitted
Caused by: org.redisson.client.RedisConnectionException: Unable to connect to Redis server: 127.0.0.1/127.0.0.1:16379
	at org.redisson.connection.pool.ConnectionPool.lambda$createConnection$0(ConnectionPool.java:132)
	at java.util.concurrent.CompletableFuture.uniWhenComplete(CompletableFuture.java:774)
	at java.util.concurrent.CompletableFuture$UniWhenComplete.tryFire(CompletableFuture.java:750)
	at java.util.concurrent.CompletableFuture.postComplete(CompletableFuture.java:488)
	at java.util.concurrent.CompletableFuture.completeExceptionally(CompletableFuture.java:1990)
	at org.redisson.connection.pool.ConnectionPool.promiseFailure(ConnectionPool.java:294)
	at org.redisson.connection.pool.ConnectionPool.lambda$createConnection$6(ConnectionPool.java:253)
	at java.util.concurrent.CompletableFuture.uniWhenComplete(CompletableFuture.java:774)
	at java.util.concurrent.CompletableFuture$UniWhenComplete.tryFire(CompletableFuture.java:750)
	at java.util.concurrent.CompletableFuture.postComplete(CompletableFuture.java:488)
	at java.util.concurrent.CompletableFuture.completeExceptionally(CompletableFuture.java:1990)
	at org.redisson.client.RedisClient$1$2.run(RedisClient.java:257)
	at io.netty.util.concurrent.AbstractEventExecutor.runTask(AbstractEventExecutor.java:174)
	at io.netty.util.concurrent.AbstractEventExecutor.safeExecute(AbstractEventExecutor.java:167)
	at io.netty.util.concurrent.SingleThreadEventExecutor.runAllTasks(SingleThreadEventExecutor.java:470)
	at io.netty.channel.nio.NioEventLoop.run(NioEventLoop.java:569)
	at io.netty.util.concurrent.SingleThreadEventExecutor$4.run(SingleThreadEventExecutor.java:997)
	at io.netty.util.internal.ThreadExecutorMap$2.run(ThreadExecutorMap.java:74)
	at io.netty.util.concurrent.FastThreadLocalRunnable.run(FastThreadLocalRunnable.java:30)
	at java.lang.Thread.run(Thread.java:748)
Caused by: java.util.concurrent.CompletionException: io.netty.channel.AbstractChannel$AnnotatedConnectException: Connection refused: no further information: 127.0.0.1/127.0.0.1:16379
	at java.util.concurrent.CompletableFuture.encodeRelay(CompletableFuture.java:326)
	at java.util.concurrent.CompletableFuture.completeRelay(CompletableFuture.java:338)
	at java.util.concurrent.CompletableFuture.uniRelay(CompletableFuture.java:925)
	at java.util.concurrent.CompletableFuture$UniRelay.tryFire(CompletableFuture.java:913)
	... 11 common frames omitted
Caused by: io.netty.channel.AbstractChannel$AnnotatedConnectException: Connection refused: no further information: 127.0.0.1/127.0.0.1:16379
Caused by: java.net.ConnectException: Connection refused: no further information
	at sun.nio.ch.SocketChannelImpl.checkConnect(Native Method)
	at sun.nio.ch.SocketChannelImpl.finishConnect(SocketChannelImpl.java:715)
	at io.netty.channel.socket.nio.NioSocketChannel.doFinishConnect(NioSocketChannel.java:337)
	at io.netty.channel.nio.AbstractNioChannel$AbstractNioUnsafe.finishConnect(AbstractNioChannel.java:334)
	at io.netty.channel.nio.NioEventLoop.processSelectedKey(NioEventLoop.java:776)
	at io.netty.channel.nio.NioEventLoop.processSelectedKeysOptimized(NioEventLoop.java:724)
	at io.netty.channel.nio.NioEventLoop.processSelectedKeys(NioEventLoop.java:650)
	at io.netty.channel.nio.NioEventLoop.run(NioEventLoop.java:562)
	at io.netty.util.concurrent.SingleThreadEventExecutor$4.run(SingleThreadEventExecutor.java:997)
	at io.netty.util.internal.ThreadExecutorMap$2.run(ThreadExecutorMap.java:74)
	at io.netty.util.concurrent.FastThreadLocalRunnable.run(FastThreadLocalRunnable.java:30)
	at java.lang.Thread.run(Thread.java:748)
24-10-13.00:07:35.501 [main            ] ERROR TestContextManager     - Caught exception while allowing TestExecutionListener [org.springframework.test.context.web.ServletTestExecutionListener@69453e37] to prepare test instance [com.leesee.test.domain.RaffleStrategyTest@a54acec]
java.lang.IllegalStateException: Failed to load ApplicationContext
	at org.springframework.test.context.cache.DefaultCacheAwareContextLoaderDelegate.loadContext(DefaultCacheAwareContextLoaderDelegate.java:98)
	at org.springframework.test.context.support.DefaultTestContext.getApplicationContext(DefaultTestContext.java:124)
	at org.springframework.test.context.web.ServletTestExecutionListener.setUpRequestContextIfNecessary(ServletTestExecutionListener.java:190)
	at org.springframework.test.context.web.ServletTestExecutionListener.prepareTestInstance(ServletTestExecutionListener.java:132)
	at org.springframework.test.context.TestContextManager.prepareTestInstance(TestContextManager.java:248)
	at org.springframework.test.context.junit4.SpringJUnit4ClassRunner.createTest(SpringJUnit4ClassRunner.java:227)
	at org.springframework.test.context.junit4.SpringJUnit4ClassRunner$1.runReflectiveCall(SpringJUnit4ClassRunner.java:289)
	at org.junit.internal.runners.model.ReflectiveCallable.run(ReflectiveCallable.java:12)
	at org.springframework.test.context.junit4.SpringJUnit4ClassRunner.methodBlock(SpringJUnit4ClassRunner.java:291)
	at org.springframework.test.context.junit4.SpringJUnit4ClassRunner.runChild(SpringJUnit4ClassRunner.java:246)
	at org.springframework.test.context.junit4.SpringJUnit4ClassRunner.runChild(SpringJUnit4ClassRunner.java:97)
	at org.junit.runners.ParentRunner$4.run(ParentRunner.java:331)
	at org.junit.runners.ParentRunner$1.schedule(ParentRunner.java:79)
	at org.junit.runners.ParentRunner.runChildren(ParentRunner.java:329)
	at org.junit.runners.ParentRunner.access$100(ParentRunner.java:66)
	at org.junit.runners.ParentRunner$2.evaluate(ParentRunner.java:293)
	at org.springframework.test.context.junit4.statements.RunBeforeTestClassCallbacks.evaluate(RunBeforeTestClassCallbacks.java:61)
	at org.springframework.test.context.junit4.statements.RunAfterTestClassCallbacks.evaluate(RunAfterTestClassCallbacks.java:70)
	at org.junit.runners.ParentRunner$3.evaluate(ParentRunner.java:306)
	at org.junit.runners.ParentRunner.run(ParentRunner.java:413)
	at org.springframework.test.context.junit4.SpringJUnit4ClassRunner.run(SpringJUnit4ClassRunner.java:190)
	at org.junit.runner.JUnitCore.run(JUnitCore.java:137)
	at com.intellij.junit4.JUnit4IdeaTestRunner.startRunnerWithArgs(JUnit4IdeaTestRunner.java:69)
	at com.intellij.rt.junit.IdeaTestRunner$Repeater$1.execute(IdeaTestRunner.java:38)
	at com.intellij.rt.execution.junit.TestsRepeater.repeat(TestsRepeater.java:11)
	at com.intellij.rt.junit.IdeaTestRunner$Repeater.startRunnerWithArgs(IdeaTestRunner.java:35)
	at com.intellij.rt.junit.JUnitStarter.prepareStreamsAndStart(JUnitStarter.java:235)
	at com.intellij.rt.junit.JUnitStarter.main(JUnitStarter.java:54)
Caused by: org.springframework.beans.factory.BeanCreationException: Error creating bean with name 'strategyArmoryDispatch': Injection of resource dependencies failed; nested exception is org.springframework.beans.factory.BeanCreationException: Error creating bean with name 'strategyRepository': Injection of resource dependencies failed; nested exception is org.springframework.beans.factory.BeanCreationException: Error creating bean with name 'redissonService': Injection of resource dependencies failed; nested exception is org.springframework.beans.factory.BeanCreationException: Error creating bean with name 'redissonClient' defined in class path resource [com/leesee/config/RedisClientConfig.class]: Bean instantiation via factory method failed; nested exception is org.springframework.beans.BeanInstantiationException: Failed to instantiate [org.redisson.api.RedissonClient]: Factory method 'redissonClient' threw exception; nested exception is org.redisson.client.RedisConnectionException: Unable to connect to Redis server: 127.0.0.1/127.0.0.1:16379
	at org.springframework.context.annotation.CommonAnnotationBeanPostProcessor.postProcessProperties(CommonAnnotationBeanPostProcessor.java:332)
	at org.springframework.beans.factory.support.AbstractAutowireCapableBeanFactory.populateBean(AbstractAutowireCapableBeanFactory.java:1431)
	at org.springframework.beans.factory.support.AbstractAutowireCapableBeanFactory.doCreateBean(AbstractAutowireCapableBeanFactory.java:619)
	at org.springframework.beans.factory.support.AbstractAutowireCapableBeanFactory.createBean(AbstractAutowireCapableBeanFactory.java:542)
	at org.springframework.beans.factory.support.AbstractBeanFactory.lambda$doGetBean$0(AbstractBeanFactory.java:335)
	at org.springframework.beans.factory.support.DefaultSingletonBeanRegistry.getSingleton(DefaultSingletonBeanRegistry.java:234)
	at org.springframework.beans.factory.support.AbstractBeanFactory.doGetBean(AbstractBeanFactory.java:333)
	at org.springframework.beans.factory.support.AbstractBeanFactory.getBean(AbstractBeanFactory.java:208)
	at org.springframework.beans.factory.support.DefaultListableBeanFactory.preInstantiateSingletons(DefaultListableBeanFactory.java:955)
	at org.springframework.context.support.AbstractApplicationContext.finishBeanFactoryInitialization(AbstractApplicationContext.java:920)
	at org.springframework.context.support.AbstractApplicationContext.refresh(AbstractApplicationContext.java:583)
	at org.springframework.boot.SpringApplication.refresh(SpringApplication.java:731)
	at org.springframework.boot.SpringApplication.refreshContext(SpringApplication.java:408)
	at org.springframework.boot.SpringApplication.run(SpringApplication.java:307)
	at org.springframework.boot.test.context.SpringBootContextLoader.loadContext(SpringBootContextLoader.java:136)
	at org.springframework.test.context.cache.DefaultCacheAwareContextLoaderDelegate.loadContextInternal(DefaultCacheAwareContextLoaderDelegate.java:141)
	at org.springframework.test.context.cache.DefaultCacheAwareContextLoaderDelegate.loadContext(DefaultCacheAwareContextLoaderDelegate.java:90)
	... 27 common frames omitted
Caused by: org.springframework.beans.factory.BeanCreationException: Error creating bean with name 'strategyRepository': Injection of resource dependencies failed; nested exception is org.springframework.beans.factory.BeanCreationException: Error creating bean with name 'redissonService': Injection of resource dependencies failed; nested exception is org.springframework.beans.factory.BeanCreationException: Error creating bean with name 'redissonClient' defined in class path resource [com/leesee/config/RedisClientConfig.class]: Bean instantiation via factory method failed; nested exception is org.springframework.beans.BeanInstantiationException: Failed to instantiate [org.redisson.api.RedissonClient]: Factory method 'redissonClient' threw exception; nested exception is org.redisson.client.RedisConnectionException: Unable to connect to Redis server: 127.0.0.1/127.0.0.1:16379
	at org.springframework.context.annotation.CommonAnnotationBeanPostProcessor.postProcessProperties(CommonAnnotationBeanPostProcessor.java:332)
	at org.springframework.beans.factory.support.AbstractAutowireCapableBeanFactory.populateBean(AbstractAutowireCapableBeanFactory.java:1431)
	at org.springframework.beans.factory.support.AbstractAutowireCapableBeanFactory.doCreateBean(AbstractAutowireCapableBeanFactory.java:619)
	at org.springframework.beans.factory.support.AbstractAutowireCapableBeanFactory.createBean(AbstractAutowireCapableBeanFactory.java:542)
	at org.springframework.beans.factory.support.AbstractBeanFactory.lambda$doGetBean$0(AbstractBeanFactory.java:335)
	at org.springframework.beans.factory.support.DefaultSingletonBeanRegistry.getSingleton(DefaultSingletonBeanRegistry.java:234)
	at org.springframework.beans.factory.support.AbstractBeanFactory.doGetBean(AbstractBeanFactory.java:333)
	at org.springframework.beans.factory.support.AbstractBeanFactory.getBean(AbstractBeanFactory.java:208)
	at org.springframework.beans.factory.config.DependencyDescriptor.resolveCandidate(DependencyDescriptor.java:276)
	at org.springframework.beans.factory.support.DefaultListableBeanFactory.doResolveDependency(DefaultListableBeanFactory.java:1391)
	at org.springframework.beans.factory.support.DefaultListableBeanFactory.resolveDependency(DefaultListableBeanFactory.java:1311)
	at org.springframework.context.annotation.CommonAnnotationBeanPostProcessor.autowireResource(CommonAnnotationBeanPostProcessor.java:544)
	at org.springframework.context.annotation.CommonAnnotationBeanPostProcessor.getResource(CommonAnnotationBeanPostProcessor.java:520)
	at org.springframework.context.annotation.CommonAnnotationBeanPostProcessor$ResourceElement.getResourceToInject(CommonAnnotationBeanPostProcessor.java:673)
	at org.springframework.beans.factory.annotation.InjectionMetadata$InjectedElement.inject(InjectionMetadata.java:228)
	at org.springframework.beans.factory.annotation.InjectionMetadata.inject(InjectionMetadata.java:119)
	at org.springframework.context.annotation.CommonAnnotationBeanPostProcessor.postProcessProperties(CommonAnnotationBeanPostProcessor.java:329)
	... 43 common frames omitted
Caused by: org.springframework.beans.factory.BeanCreationException: Error creating bean with name 'redissonService': Injection of resource dependencies failed; nested exception is org.springframework.beans.factory.BeanCreationException: Error creating bean with name 'redissonClient' defined in class path resource [com/leesee/config/RedisClientConfig.class]: Bean instantiation via factory method failed; nested exception is org.springframework.beans.BeanInstantiationException: Failed to instantiate [org.redisson.api.RedissonClient]: Factory method 'redissonClient' threw exception; nested exception is org.redisson.client.RedisConnectionException: Unable to connect to Redis server: 127.0.0.1/127.0.0.1:16379
	at org.springframework.context.annotation.CommonAnnotationBeanPostProcessor.postProcessProperties(CommonAnnotationBeanPostProcessor.java:332)
	at org.springframework.beans.factory.support.AbstractAutowireCapableBeanFactory.populateBean(AbstractAutowireCapableBeanFactory.java:1431)
	at org.springframework.beans.factory.support.AbstractAutowireCapableBeanFactory.doCreateBean(AbstractAutowireCapableBeanFactory.java:619)
	at org.springframework.beans.factory.support.AbstractAutowireCapableBeanFactory.createBean(AbstractAutowireCapableBeanFactory.java:542)
	at org.springframework.beans.factory.support.AbstractBeanFactory.lambda$doGetBean$0(AbstractBeanFactory.java:335)
	at org.springframework.beans.factory.support.DefaultSingletonBeanRegistry.getSingleton(DefaultSingletonBeanRegistry.java:234)
	at org.springframework.beans.factory.support.AbstractBeanFactory.doGetBean(AbstractBeanFactory.java:333)
	at org.springframework.beans.factory.support.AbstractBeanFactory.getBean(AbstractBeanFactory.java:208)
	at org.springframework.beans.factory.config.DependencyDescriptor.resolveCandidate(DependencyDescriptor.java:276)
	at org.springframework.beans.factory.support.DefaultListableBeanFactory.doResolveDependency(DefaultListableBeanFactory.java:1391)
	at org.springframework.beans.factory.support.DefaultListableBeanFactory.resolveDependency(DefaultListableBeanFactory.java:1311)
	at org.springframework.context.annotation.CommonAnnotationBeanPostProcessor.autowireResource(CommonAnnotationBeanPostProcessor.java:544)
	at org.springframework.context.annotation.CommonAnnotationBeanPostProcessor.getResource(CommonAnnotationBeanPostProcessor.java:520)
	at org.springframework.context.annotation.CommonAnnotationBeanPostProcessor$ResourceElement.getResourceToInject(CommonAnnotationBeanPostProcessor.java:673)
	at org.springframework.beans.factory.annotation.InjectionMetadata$InjectedElement.inject(InjectionMetadata.java:228)
	at org.springframework.beans.factory.annotation.InjectionMetadata.inject(InjectionMetadata.java:119)
	at org.springframework.context.annotation.CommonAnnotationBeanPostProcessor.postProcessProperties(CommonAnnotationBeanPostProcessor.java:329)
	... 59 common frames omitted
Caused by: org.springframework.beans.factory.BeanCreationException: Error creating bean with name 'redissonClient' defined in class path resource [com/leesee/config/RedisClientConfig.class]: Bean instantiation via factory method failed; nested exception is org.springframework.beans.BeanInstantiationException: Failed to instantiate [org.redisson.api.RedissonClient]: Factory method 'redissonClient' threw exception; nested exception is org.redisson.client.RedisConnectionException: Unable to connect to Redis server: 127.0.0.1/127.0.0.1:16379
	at org.springframework.beans.factory.support.ConstructorResolver.instantiate(ConstructorResolver.java:658)
	at org.springframework.beans.factory.support.ConstructorResolver.instantiateUsingFactoryMethod(ConstructorResolver.java:638)
	at org.springframework.beans.factory.support.AbstractAutowireCapableBeanFactory.instantiateUsingFactoryMethod(AbstractAutowireCapableBeanFactory.java:1352)
	at org.springframework.beans.factory.support.AbstractAutowireCapableBeanFactory.createBeanInstance(AbstractAutowireCapableBeanFactory.java:1195)
	at org.springframework.beans.factory.support.AbstractAutowireCapableBeanFactory.doCreateBean(AbstractAutowireCapableBeanFactory.java:582)
	at org.springframework.beans.factory.support.AbstractAutowireCapableBeanFactory.createBean(AbstractAutowireCapableBeanFactory.java:542)
	at org.springframework.beans.factory.support.AbstractBeanFactory.lambda$doGetBean$0(AbstractBeanFactory.java:335)
	at org.springframework.beans.factory.support.DefaultSingletonBeanRegistry.getSingleton(DefaultSingletonBeanRegistry.java:234)
	at org.springframework.beans.factory.support.AbstractBeanFactory.doGetBean(AbstractBeanFactory.java:333)
	at org.springframework.beans.factory.support.AbstractBeanFactory.getBean(AbstractBeanFactory.java:213)
	at org.springframework.beans.factory.support.AbstractAutowireCapableBeanFactory.resolveBeanByName(AbstractAutowireCapableBeanFactory.java:479)
	at org.springframework.context.annotation.CommonAnnotationBeanPostProcessor.autowireResource(CommonAnnotationBeanPostProcessor.java:550)
	at org.springframework.context.annotation.CommonAnnotationBeanPostProcessor.getResource(CommonAnnotationBeanPostProcessor.java:520)
	at org.springframework.context.annotation.CommonAnnotationBeanPostProcessor$ResourceElement.getResourceToInject(CommonAnnotationBeanPostProcessor.java:673)
	at org.springframework.beans.factory.annotation.InjectionMetadata$InjectedElement.inject(InjectionMetadata.java:228)
	at org.springframework.beans.factory.annotation.InjectionMetadata.inject(InjectionMetadata.java:119)
	at org.springframework.context.annotation.CommonAnnotationBeanPostProcessor.postProcessProperties(CommonAnnotationBeanPostProcessor.java:329)
	... 75 common frames omitted
Caused by: org.springframework.beans.BeanInstantiationException: Failed to instantiate [org.redisson.api.RedissonClient]: Factory method 'redissonClient' threw exception; nested exception is org.redisson.client.RedisConnectionException: Unable to connect to Redis server: 127.0.0.1/127.0.0.1:16379
	at org.springframework.beans.factory.support.SimpleInstantiationStrategy.instantiate(SimpleInstantiationStrategy.java:185)
	at org.springframework.beans.factory.support.ConstructorResolver.instantiate(ConstructorResolver.java:653)
	... 91 common frames omitted
Caused by: org.redisson.client.RedisConnectionException: Unable to connect to Redis server: 127.0.0.1/127.0.0.1:16379
	at org.redisson.connection.pool.ConnectionPool.lambda$createConnection$0(ConnectionPool.java:132)
	at java.util.concurrent.CompletableFuture.uniWhenComplete(CompletableFuture.java:774)
	at java.util.concurrent.CompletableFuture$UniWhenComplete.tryFire(CompletableFuture.java:750)
	at java.util.concurrent.CompletableFuture.postComplete(CompletableFuture.java:488)
	at java.util.concurrent.CompletableFuture.completeExceptionally(CompletableFuture.java:1990)
	at org.redisson.connection.pool.ConnectionPool.promiseFailure(ConnectionPool.java:294)
	at org.redisson.connection.pool.ConnectionPool.lambda$createConnection$6(ConnectionPool.java:253)
	at java.util.concurrent.CompletableFuture.uniWhenComplete(CompletableFuture.java:774)
	at java.util.concurrent.CompletableFuture$UniWhenComplete.tryFire(CompletableFuture.java:750)
	at java.util.concurrent.CompletableFuture.postComplete(CompletableFuture.java:488)
	at java.util.concurrent.CompletableFuture.completeExceptionally(CompletableFuture.java:1990)
	at org.redisson.client.RedisClient$1$2.run(RedisClient.java:257)
	at io.netty.util.concurrent.AbstractEventExecutor.runTask(AbstractEventExecutor.java:174)
	at io.netty.util.concurrent.AbstractEventExecutor.safeExecute(AbstractEventExecutor.java:167)
	at io.netty.util.concurrent.SingleThreadEventExecutor.runAllTasks(SingleThreadEventExecutor.java:470)
	at io.netty.channel.nio.NioEventLoop.run(NioEventLoop.java:569)
	at io.netty.util.concurrent.SingleThreadEventExecutor$4.run(SingleThreadEventExecutor.java:997)
	at io.netty.util.internal.ThreadExecutorMap$2.run(ThreadExecutorMap.java:74)
	at io.netty.util.concurrent.FastThreadLocalRunnable.run(FastThreadLocalRunnable.java:30)
	at java.lang.Thread.run(Thread.java:748)
Caused by: java.util.concurrent.CompletionException: io.netty.channel.AbstractChannel$AnnotatedConnectException: Connection refused: no further information: 127.0.0.1/127.0.0.1:16379
	at java.util.concurrent.CompletableFuture.encodeRelay(CompletableFuture.java:326)
	at java.util.concurrent.CompletableFuture.completeRelay(CompletableFuture.java:338)
	at java.util.concurrent.CompletableFuture.uniRelay(CompletableFuture.java:925)
	at java.util.concurrent.CompletableFuture$UniRelay.tryFire(CompletableFuture.java:913)
	... 11 common frames omitted
Caused by: io.netty.channel.AbstractChannel$AnnotatedConnectException: Connection refused: no further information: 127.0.0.1/127.0.0.1:16379
Caused by: java.net.ConnectException: Connection refused: no further information
	at sun.nio.ch.SocketChannelImpl.checkConnect(Native Method)
	at sun.nio.ch.SocketChannelImpl.finishConnect(SocketChannelImpl.java:715)
	at io.netty.channel.socket.nio.NioSocketChannel.doFinishConnect(NioSocketChannel.java:337)
	at io.netty.channel.nio.AbstractNioChannel$AbstractNioUnsafe.finishConnect(AbstractNioChannel.java:334)
	at io.netty.channel.nio.NioEventLoop.processSelectedKey(NioEventLoop.java:776)
	at io.netty.channel.nio.NioEventLoop.processSelectedKeysOptimized(NioEventLoop.java:724)
	at io.netty.channel.nio.NioEventLoop.processSelectedKeys(NioEventLoop.java:650)
	at io.netty.channel.nio.NioEventLoop.run(NioEventLoop.java:562)
	at io.netty.util.concurrent.SingleThreadEventExecutor$4.run(SingleThreadEventExecutor.java:997)
	at io.netty.util.internal.ThreadExecutorMap$2.run(ThreadExecutorMap.java:74)
	at io.netty.util.concurrent.FastThreadLocalRunnable.run(FastThreadLocalRunnable.java:30)
	at java.lang.Thread.run(Thread.java:748)
24-10-13.00:08:10.131 [main            ] INFO  RaffleStrategyTest     - Starting RaffleStrategyTest using Java 1.8.0_281 on leeseemonster with PID 34744 (started by 程力骁 in D:\work\big-market\big-market\big-market-app)
24-10-13.00:08:10.153 [main            ] INFO  RaffleStrategyTest     - The following 1 profile is active: "dev"
24-10-13.00:08:10.959 [main            ] INFO  RepositoryConfigurationDelegate - Multiple Spring Data modules found, entering strict repository configuration mode
24-10-13.00:08:10.962 [main            ] INFO  RepositoryConfigurationDelegate - Bootstrapping Spring Data Redis repositories in DEFAULT mode.
24-10-13.00:08:10.996 [main            ] INFO  RepositoryConfigurationDelegate - Finished Spring Data repository scanning in 16 ms. Found 0 Redis repository interfaces.
24-10-13.00:08:12.985 [main            ] INFO  Version                - Redisson 3.23.4
24-10-13.00:08:13.925 [redisson-netty-2-4] INFO  MasterPubSubConnectionPool - 1 connections initialized for 127.0.0.1/127.0.0.1:16379
24-10-13.00:08:13.962 [redisson-netty-2-13] INFO  MasterConnectionPool   - 5 connections initialized for 127.0.0.1/127.0.0.1:16379
24-10-13.00:08:15.471 [main            ] INFO  EndpointLinksResolver  - Exposing 1 endpoint(s) beneath base path '/actuator'
24-10-13.00:08:15.517 [main            ] INFO  RaffleStrategyTest     - Started RaffleStrategyTest in 5.752 seconds (JVM running for 6.65)
24-10-13.00:08:15.920 [main            ] INFO  HikariDataSource       - HikariPool-1 - Starting...
24-10-13.00:08:16.909 [main            ] INFO  HikariDataSource       - HikariPool-1 - Start completed.
24-10-13.00:08:16.988 [SpringApplicationShutdownHook] INFO  HikariDataSource       - HikariPool-1 - Shutdown initiated...
24-10-13.00:08:16.993 [SpringApplicationShutdownHook] INFO  HikariDataSource       - HikariPool-1 - Shutdown completed.
24-10-13.00:10:46.458 [main            ] INFO  RaffleStrategyTest     - Starting RaffleStrategyTest using Java 1.8.0_281 on leeseemonster with PID 8940 (started by 程力骁 in D:\work\big-market\big-market\big-market-app)
24-10-13.00:10:46.465 [main            ] INFO  RaffleStrategyTest     - The following 1 profile is active: "dev"
24-10-13.00:10:47.121 [main            ] INFO  RepositoryConfigurationDelegate - Multiple Spring Data modules found, entering strict repository configuration mode
24-10-13.00:10:47.123 [main            ] INFO  RepositoryConfigurationDelegate - Bootstrapping Spring Data Redis repositories in DEFAULT mode.
24-10-13.00:10:47.147 [main            ] INFO  RepositoryConfigurationDelegate - Finished Spring Data repository scanning in 12 ms. Found 0 Redis repository interfaces.
24-10-13.00:10:48.632 [main            ] INFO  Version                - Redisson 3.23.4
24-10-13.00:10:49.531 [redisson-netty-2-4] INFO  MasterPubSubConnectionPool - 1 connections initialized for 127.0.0.1/127.0.0.1:16379
24-10-13.00:10:49.545 [redisson-netty-2-13] INFO  MasterConnectionPool   - 5 connections initialized for 127.0.0.1/127.0.0.1:16379
24-10-13.00:10:50.938 [main            ] INFO  EndpointLinksResolver  - Exposing 1 endpoint(s) beneath base path '/actuator'
24-10-13.00:10:51.019 [main            ] INFO  RaffleStrategyTest     - Started RaffleStrategyTest in 4.851 seconds (JVM running for 5.525)
24-10-13.00:10:51.416 [main            ] INFO  BlackListFilter        - 黑名单过滤：RuleMatterEntity(userId=leesee, strategyId=100001, awardId=null, ruleModel=rule_blacklist)
24-10-13.00:10:51.441 [main            ] INFO  HikariDataSource       - HikariPool-1 - Starting...
24-10-13.00:10:52.211 [main            ] INFO  HikariDataSource       - HikariPool-1 - Start completed.
24-10-13.00:10:52.241 [main            ] INFO  RuleWeightFilter       - 规则权重过滤：RuleMatterEntity(userId=leesee, strategyId=100001, awardId=null, ruleModel=rule_weight)
24-10-13.00:10:52.244 [main            ] INFO  DefaultRaffleStrategy  - 抽奖前规则过滤 userId: leesee ruleModel: rule_weight code: 0001 info: 接管；后续的流程，受规则引擎执行结果影响
24-10-13.00:10:52.404 [main            ] INFO  RaffleStrategyTest     - 请求参数：{"strategyId":100001,"userId":"leesee"}
24-10-13.00:10:52.408 [main            ] INFO  RaffleStrategyTest     - 测试结果：{"awardId":103}
24-10-13.00:10:52.442 [SpringApplicationShutdownHook] INFO  HikariDataSource       - HikariPool-1 - Shutdown initiated...
24-10-13.00:10:52.464 [SpringApplicationShutdownHook] INFO  HikariDataSource       - HikariPool-1 - Shutdown completed.
24-10-13.00:12:12.307 [main            ] INFO  RaffleStrategyTest     - Starting RaffleStrategyTest using Java 1.8.0_281 on leeseemonster with PID 3616 (started by 程力骁 in D:\work\big-market\big-market\big-market-app)
24-10-13.00:12:12.307 [main            ] INFO  RaffleStrategyTest     - The following 1 profile is active: "dev"
24-10-13.00:12:12.982 [main            ] INFO  RepositoryConfigurationDelegate - Multiple Spring Data modules found, entering strict repository configuration mode
24-10-13.00:12:12.985 [main            ] INFO  RepositoryConfigurationDelegate - Bootstrapping Spring Data Redis repositories in DEFAULT mode.
24-10-13.00:12:13.012 [main            ] INFO  RepositoryConfigurationDelegate - Finished Spring Data repository scanning in 13 ms. Found 0 Redis repository interfaces.
24-10-13.00:12:14.565 [main            ] INFO  Version                - Redisson 3.23.4
24-10-13.00:12:15.379 [redisson-netty-2-5] INFO  MasterPubSubConnectionPool - 1 connections initialized for 127.0.0.1/127.0.0.1:16379
24-10-13.00:12:15.393 [redisson-netty-2-13] INFO  MasterConnectionPool   - 5 connections initialized for 127.0.0.1/127.0.0.1:16379
24-10-13.00:12:16.813 [main            ] INFO  EndpointLinksResolver  - Exposing 1 endpoint(s) beneath base path '/actuator'
24-10-13.00:12:16.869 [main            ] INFO  RaffleStrategyTest     - Started RaffleStrategyTest in 4.858 seconds (JVM running for 5.521)
24-10-13.00:12:17.235 [main            ] INFO  BlackListFilter        - 黑名单过滤：RuleMatterEntity(userId=leesee, strategyId=100001, awardId=null, ruleModel=rule_blacklist)
24-10-13.00:12:17.261 [main            ] INFO  HikariDataSource       - HikariPool-1 - Starting...
24-10-13.00:12:18.110 [main            ] INFO  HikariDataSource       - HikariPool-1 - Start completed.
24-10-13.00:12:18.143 [main            ] INFO  RuleWeightFilter       - 规则权重过滤：RuleMatterEntity(userId=leesee, strategyId=100001, awardId=null, ruleModel=rule_weight)
24-10-13.00:12:18.146 [main            ] INFO  DefaultRaffleStrategy  - 抽奖前规则过滤 userId: leesee ruleModel: rule_weight code: 0001 info: 接管；后续的流程，受规则引擎执行结果影响
24-10-13.00:12:18.266 [main            ] INFO  RaffleStrategyTest     - 请求参数：{"strategyId":100001,"userId":"leesee"}
24-10-13.00:12:18.269 [main            ] INFO  RaffleStrategyTest     - 测试结果：{"awardId":104}
24-10-13.00:12:18.317 [SpringApplicationShutdownHook] INFO  HikariDataSource       - HikariPool-1 - Shutdown initiated...
24-10-13.00:12:18.343 [SpringApplicationShutdownHook] INFO  HikariDataSource       - HikariPool-1 - Shutdown completed.
24-10-13.00:12:24.834 [main            ] INFO  RaffleStrategyTest     - Starting RaffleStrategyTest using Java 1.8.0_281 on leeseemonster with PID 3204 (started by 程力骁 in D:\work\big-market\big-market\big-market-app)
24-10-13.00:12:24.835 [main            ] INFO  RaffleStrategyTest     - The following 1 profile is active: "dev"
24-10-13.00:12:25.550 [main            ] INFO  RepositoryConfigurationDelegate - Multiple Spring Data modules found, entering strict repository configuration mode
24-10-13.00:12:25.553 [main            ] INFO  RepositoryConfigurationDelegate - Bootstrapping Spring Data Redis repositories in DEFAULT mode.
24-10-13.00:12:25.577 [main            ] INFO  RepositoryConfigurationDelegate - Finished Spring Data repository scanning in 13 ms. Found 0 Redis repository interfaces.
24-10-13.00:12:27.084 [main            ] INFO  Version                - Redisson 3.23.4
24-10-13.00:12:27.878 [redisson-netty-2-6] INFO  MasterPubSubConnectionPool - 1 connections initialized for 127.0.0.1/127.0.0.1:16379
24-10-13.00:12:27.892 [redisson-netty-2-13] INFO  MasterConnectionPool   - 5 connections initialized for 127.0.0.1/127.0.0.1:16379
24-10-13.00:12:29.995 [main            ] INFO  EndpointLinksResolver  - Exposing 1 endpoint(s) beneath base path '/actuator'
24-10-13.00:12:30.178 [main            ] INFO  RaffleStrategyTest     - Started RaffleStrategyTest in 5.738 seconds (JVM running for 6.539)
24-10-13.00:12:30.499 [main            ] INFO  BlackListFilter        - 黑名单过滤：RuleMatterEntity(userId=leesee, strategyId=100001, awardId=null, ruleModel=rule_blacklist)
24-10-13.00:12:30.530 [main            ] INFO  HikariDataSource       - HikariPool-1 - Starting...
24-10-13.00:12:31.407 [main            ] INFO  HikariDataSource       - HikariPool-1 - Start completed.
24-10-13.00:12:31.441 [main            ] INFO  RuleWeightFilter       - 规则权重过滤：RuleMatterEntity(userId=leesee, strategyId=100001, awardId=null, ruleModel=rule_weight)
24-10-13.00:12:31.445 [main            ] INFO  DefaultRaffleStrategy  - 抽奖前规则过滤 userId: leesee ruleModel: rule_weight code: 0001 info: 接管；后续的流程，受规则引擎执行结果影响
24-10-13.00:12:31.616 [main            ] INFO  RaffleStrategyTest     - 请求参数：{"strategyId":100001,"userId":"leesee"}
24-10-13.00:12:31.619 [main            ] INFO  RaffleStrategyTest     - 测试结果：{"awardId":103}
24-10-13.00:12:31.676 [SpringApplicationShutdownHook] INFO  HikariDataSource       - HikariPool-1 - Shutdown initiated...
24-10-13.00:12:31.700 [SpringApplicationShutdownHook] INFO  HikariDataSource       - HikariPool-1 - Shutdown completed.
24-10-13.00:31:02.961 [main            ] INFO  RaffleStrategyTest     - Starting RaffleStrategyTest using Java 1.8.0_281 on leeseemonster with PID 25712 (started by 程力骁 in D:\work\big-market\big-market\big-market-app)
24-10-13.00:31:02.962 [main            ] INFO  RaffleStrategyTest     - The following 1 profile is active: "dev"
24-10-13.00:31:03.621 [main            ] INFO  RepositoryConfigurationDelegate - Multiple Spring Data modules found, entering strict repository configuration mode
24-10-13.00:31:03.623 [main            ] INFO  RepositoryConfigurationDelegate - Bootstrapping Spring Data Redis repositories in DEFAULT mode.
24-10-13.00:31:03.645 [main            ] INFO  RepositoryConfigurationDelegate - Finished Spring Data repository scanning in 11 ms. Found 0 Redis repository interfaces.
24-10-13.00:31:05.094 [main            ] INFO  Version                - Redisson 3.23.4
24-10-13.00:31:05.861 [redisson-netty-2-5] INFO  MasterPubSubConnectionPool - 1 connections initialized for 127.0.0.1/127.0.0.1:16379
24-10-13.00:31:05.870 [redisson-netty-2-13] INFO  MasterConnectionPool   - 5 connections initialized for 127.0.0.1/127.0.0.1:16379
24-10-13.00:31:07.253 [main            ] INFO  EndpointLinksResolver  - Exposing 1 endpoint(s) beneath base path '/actuator'
24-10-13.00:31:07.299 [main            ] INFO  RaffleStrategyTest     - Started RaffleStrategyTest in 4.659 seconds (JVM running for 5.345)
24-10-13.00:31:07.661 [main            ] INFO  HikariDataSource       - HikariPool-1 - Starting...
24-10-13.00:31:08.523 [main            ] INFO  HikariDataSource       - HikariPool-1 - Start completed.
24-10-13.00:31:08.653 [SpringApplicationShutdownHook] INFO  HikariDataSource       - HikariPool-1 - Shutdown initiated...
24-10-13.00:31:08.667 [SpringApplicationShutdownHook] INFO  HikariDataSource       - HikariPool-1 - Shutdown completed.
24-10-13.00:34:56.039 [main            ] INFO  RaffleStrategyTest     - Starting RaffleStrategyTest using Java 1.8.0_281 on leeseemonster with PID 32840 (started by 程力骁 in D:\work\big-market\big-market\big-market-app)
24-10-13.00:34:56.040 [main            ] INFO  RaffleStrategyTest     - The following 1 profile is active: "dev"
24-10-13.00:34:56.725 [main            ] INFO  RepositoryConfigurationDelegate - Multiple Spring Data modules found, entering strict repository configuration mode
24-10-13.00:34:56.728 [main            ] INFO  RepositoryConfigurationDelegate - Bootstrapping Spring Data Redis repositories in DEFAULT mode.
24-10-13.00:34:56.752 [main            ] INFO  RepositoryConfigurationDelegate - Finished Spring Data repository scanning in 13 ms. Found 0 Redis repository interfaces.
24-10-13.00:34:58.274 [main            ] INFO  Version                - Redisson 3.23.4
24-10-13.00:34:59.060 [redisson-netty-2-5] INFO  MasterPubSubConnectionPool - 1 connections initialized for 127.0.0.1/127.0.0.1:16379
24-10-13.00:34:59.078 [redisson-netty-2-13] INFO  MasterConnectionPool   - 5 connections initialized for 127.0.0.1/127.0.0.1:16379
24-10-13.00:35:00.825 [main            ] INFO  EndpointLinksResolver  - Exposing 1 endpoint(s) beneath base path '/actuator'
24-10-13.00:35:01.046 [main            ] INFO  RaffleStrategyTest     - Started RaffleStrategyTest in 5.371 seconds (JVM running for 6.13)
24-10-13.00:36:26.507 [main            ] INFO  HikariDataSource       - HikariPool-1 - Starting...
24-10-13.00:36:29.266 [main            ] INFO  RaffleStrategyTest     - Starting RaffleStrategyTest using Java 1.8.0_281 on leeseemonster with PID 27436 (started by 程力骁 in D:\work\big-market\big-market\big-market-app)
24-10-13.00:36:29.267 [main            ] INFO  RaffleStrategyTest     - The following 1 profile is active: "dev"
24-10-13.00:36:30.002 [main            ] INFO  RepositoryConfigurationDelegate - Multiple Spring Data modules found, entering strict repository configuration mode
24-10-13.00:36:30.005 [main            ] INFO  RepositoryConfigurationDelegate - Bootstrapping Spring Data Redis repositories in DEFAULT mode.
24-10-13.00:36:30.030 [main            ] INFO  RepositoryConfigurationDelegate - Finished Spring Data repository scanning in 12 ms. Found 0 Redis repository interfaces.
24-10-13.00:36:31.740 [main            ] INFO  Version                - Redisson 3.23.4
24-10-13.00:36:32.583 [redisson-netty-2-5] INFO  MasterPubSubConnectionPool - 1 connections initialized for 127.0.0.1/127.0.0.1:16379
24-10-13.00:36:32.595 [redisson-netty-2-13] INFO  MasterConnectionPool   - 5 connections initialized for 127.0.0.1/127.0.0.1:16379
24-10-13.00:36:34.280 [main            ] INFO  EndpointLinksResolver  - Exposing 1 endpoint(s) beneath base path '/actuator'
24-10-13.00:36:34.349 [main            ] INFO  RaffleStrategyTest     - Started RaffleStrategyTest in 5.43 seconds (JVM running for 6.209)
24-10-13.00:38:52.787 [main            ] INFO  HikariDataSource       - HikariPool-1 - Starting...
24-10-13.00:38:58.343 [main            ] INFO  RaffleStrategyTest     - Starting RaffleStrategyTest using Java 1.8.0_281 on leeseemonster with PID 35828 (started by 程力骁 in D:\work\big-market\big-market\big-market-app)
24-10-13.00:38:58.344 [main            ] INFO  RaffleStrategyTest     - The following 1 profile is active: "dev"
24-10-13.00:38:59.000 [main            ] INFO  RepositoryConfigurationDelegate - Multiple Spring Data modules found, entering strict repository configuration mode
24-10-13.00:38:59.003 [main            ] INFO  RepositoryConfigurationDelegate - Bootstrapping Spring Data Redis repositories in DEFAULT mode.
24-10-13.00:38:59.029 [main            ] INFO  RepositoryConfigurationDelegate - Finished Spring Data repository scanning in 14 ms. Found 0 Redis repository interfaces.
24-10-13.00:39:00.594 [main            ] INFO  Version                - Redisson 3.23.4
24-10-13.00:39:01.455 [redisson-netty-2-4] INFO  MasterPubSubConnectionPool - 1 connections initialized for 127.0.0.1/127.0.0.1:16379
24-10-13.00:39:01.471 [redisson-netty-2-13] INFO  MasterConnectionPool   - 5 connections initialized for 127.0.0.1/127.0.0.1:16379
24-10-13.00:39:02.815 [main            ] INFO  EndpointLinksResolver  - Exposing 1 endpoint(s) beneath base path '/actuator'
24-10-13.00:39:02.880 [main            ] INFO  RaffleStrategyTest     - Started RaffleStrategyTest in 4.838 seconds (JVM running for 5.475)
24-10-13.00:40:02.169 [main            ] INFO  RaffleStrategyTest     - Starting RaffleStrategyTest using Java 1.8.0_281 on leeseemonster with PID 7772 (started by 程力骁 in D:\work\big-market\big-market\big-market-app)
24-10-13.00:40:02.169 [main            ] INFO  RaffleStrategyTest     - The following 1 profile is active: "dev"
24-10-13.00:40:02.873 [main            ] INFO  RepositoryConfigurationDelegate - Multiple Spring Data modules found, entering strict repository configuration mode
24-10-13.00:40:02.876 [main            ] INFO  RepositoryConfigurationDelegate - Bootstrapping Spring Data Redis repositories in DEFAULT mode.
24-10-13.00:40:02.899 [main            ] INFO  RepositoryConfigurationDelegate - Finished Spring Data repository scanning in 12 ms. Found 0 Redis repository interfaces.
24-10-13.00:40:04.478 [main            ] INFO  Version                - Redisson 3.23.4
24-10-13.00:40:05.354 [redisson-netty-2-5] INFO  MasterPubSubConnectionPool - 1 connections initialized for 127.0.0.1/127.0.0.1:16379
24-10-13.00:40:05.380 [redisson-netty-2-13] INFO  MasterConnectionPool   - 5 connections initialized for 127.0.0.1/127.0.0.1:16379
24-10-13.00:40:07.252 [main            ] INFO  EndpointLinksResolver  - Exposing 1 endpoint(s) beneath base path '/actuator'
24-10-13.00:40:07.450 [main            ] INFO  RaffleStrategyTest     - Started RaffleStrategyTest in 5.638 seconds (JVM running for 6.395)
24-10-13.00:41:02.399 [main            ] INFO  RaffleStrategyTest     - Starting RaffleStrategyTest using Java 1.8.0_281 on leeseemonster with PID 16144 (started by 程力骁 in D:\work\big-market\big-market\big-market-app)
24-10-13.00:41:02.400 [main            ] INFO  RaffleStrategyTest     - The following 1 profile is active: "dev"
24-10-13.00:41:03.179 [main            ] INFO  RepositoryConfigurationDelegate - Multiple Spring Data modules found, entering strict repository configuration mode
24-10-13.00:41:03.183 [main            ] INFO  RepositoryConfigurationDelegate - Bootstrapping Spring Data Redis repositories in DEFAULT mode.
24-10-13.00:41:03.212 [main            ] INFO  RepositoryConfigurationDelegate - Finished Spring Data repository scanning in 15 ms. Found 0 Redis repository interfaces.
24-10-13.00:41:04.721 [main            ] INFO  Version                - Redisson 3.23.4
24-10-13.00:41:05.506 [redisson-netty-2-4] INFO  MasterPubSubConnectionPool - 1 connections initialized for 127.0.0.1/127.0.0.1:16379
24-10-13.00:41:05.519 [redisson-netty-2-13] INFO  MasterConnectionPool   - 5 connections initialized for 127.0.0.1/127.0.0.1:16379
24-10-13.00:41:07.331 [main            ] INFO  EndpointLinksResolver  - Exposing 1 endpoint(s) beneath base path '/actuator'
24-10-13.00:41:07.522 [main            ] INFO  RaffleStrategyTest     - Started RaffleStrategyTest in 5.48 seconds (JVM running for 6.238)
24-10-13.00:41:54.036 [main            ] INFO  RaffleStrategyTest     - Starting RaffleStrategyTest using Java 1.8.0_281 on leeseemonster with PID 30476 (started by 程力骁 in D:\work\big-market\big-market\big-market-app)
24-10-13.00:41:54.036 [main            ] INFO  RaffleStrategyTest     - The following 1 profile is active: "dev"
24-10-13.00:41:54.747 [main            ] INFO  RepositoryConfigurationDelegate - Multiple Spring Data modules found, entering strict repository configuration mode
24-10-13.00:41:54.749 [main            ] INFO  RepositoryConfigurationDelegate - Bootstrapping Spring Data Redis repositories in DEFAULT mode.
24-10-13.00:41:54.776 [main            ] INFO  RepositoryConfigurationDelegate - Finished Spring Data repository scanning in 15 ms. Found 0 Redis repository interfaces.
24-10-13.00:41:56.568 [main            ] INFO  Version                - Redisson 3.23.4
24-10-13.00:41:57.395 [redisson-netty-2-4] INFO  MasterPubSubConnectionPool - 1 connections initialized for 127.0.0.1/127.0.0.1:16379
24-10-13.00:41:57.431 [redisson-netty-2-13] INFO  MasterConnectionPool   - 5 connections initialized for 127.0.0.1/127.0.0.1:16379
24-10-13.00:41:59.245 [main            ] INFO  EndpointLinksResolver  - Exposing 1 endpoint(s) beneath base path '/actuator'
24-10-13.00:41:59.427 [main            ] INFO  RaffleStrategyTest     - Started RaffleStrategyTest in 5.729 seconds (JVM running for 6.485)
24-10-13.00:42:06.461 [main            ] INFO  HikariDataSource       - HikariPool-1 - Starting...
24-10-13.00:42:10.236 [main            ] INFO  HikariDataSource       - HikariPool-1 - Start completed.
24-10-13.00:42:17.641 [SpringApplicationShutdownHook] INFO  HikariDataSource       - HikariPool-1 - Shutdown initiated...
24-10-13.00:42:17.663 [SpringApplicationShutdownHook] INFO  HikariDataSource       - HikariPool-1 - Shutdown completed.
24-10-13.00:42:33.413 [main            ] INFO  RaffleStrategyTest     - Starting RaffleStrategyTest using Java 1.8.0_281 on leeseemonster with PID 28272 (started by 程力骁 in D:\work\big-market\big-market\big-market-app)
24-10-13.00:42:33.413 [main            ] INFO  RaffleStrategyTest     - The following 1 profile is active: "dev"
24-10-13.00:42:34.129 [main            ] INFO  RepositoryConfigurationDelegate - Multiple Spring Data modules found, entering strict repository configuration mode
24-10-13.00:42:34.132 [main            ] INFO  RepositoryConfigurationDelegate - Bootstrapping Spring Data Redis repositories in DEFAULT mode.
24-10-13.00:42:34.154 [main            ] INFO  RepositoryConfigurationDelegate - Finished Spring Data repository scanning in 11 ms. Found 0 Redis repository interfaces.
24-10-13.00:42:35.738 [main            ] INFO  Version                - Redisson 3.23.4
24-10-13.00:42:36.563 [redisson-netty-2-4] INFO  MasterPubSubConnectionPool - 1 connections initialized for 127.0.0.1/127.0.0.1:16379
24-10-13.00:42:36.576 [redisson-netty-2-13] INFO  MasterConnectionPool   - 5 connections initialized for 127.0.0.1/127.0.0.1:16379
24-10-13.00:42:38.297 [main            ] INFO  EndpointLinksResolver  - Exposing 1 endpoint(s) beneath base path '/actuator'
24-10-13.00:42:38.353 [main            ] INFO  RaffleStrategyTest     - Started RaffleStrategyTest in 5.295 seconds (JVM running for 6.03)
24-10-13.00:44:10.556 [main            ] INFO  HikariDataSource       - HikariPool-1 - Starting...
24-10-13.00:44:11.303 [main            ] INFO  HikariDataSource       - HikariPool-1 - Start completed.
24-10-13.00:44:11.377 [SpringApplicationShutdownHook] INFO  HikariDataSource       - HikariPool-1 - Shutdown initiated...
24-10-13.00:44:11.382 [SpringApplicationShutdownHook] INFO  HikariDataSource       - HikariPool-1 - Shutdown completed.
24-10-13.00:52:26.803 [main            ] INFO  RaffleStrategyTest     - Starting RaffleStrategyTest using Java 1.8.0_281 on leeseemonster with PID 17588 (started by 程力骁 in D:\work\big-market\big-market\big-market-app)
24-10-13.00:52:26.804 [main            ] INFO  RaffleStrategyTest     - The following 1 profile is active: "dev"
24-10-13.00:52:27.545 [main            ] INFO  RepositoryConfigurationDelegate - Multiple Spring Data modules found, entering strict repository configuration mode
24-10-13.00:52:27.548 [main            ] INFO  RepositoryConfigurationDelegate - Bootstrapping Spring Data Redis repositories in DEFAULT mode.
24-10-13.00:52:27.571 [main            ] INFO  RepositoryConfigurationDelegate - Finished Spring Data repository scanning in 11 ms. Found 0 Redis repository interfaces.
24-10-13.00:52:29.085 [main            ] INFO  Version                - Redisson 3.23.4
24-10-13.00:52:30.147 [redisson-netty-2-4] INFO  MasterPubSubConnectionPool - 1 connections initialized for 127.0.0.1/127.0.0.1:16379
24-10-13.00:52:30.161 [redisson-netty-2-13] INFO  MasterConnectionPool   - 5 connections initialized for 127.0.0.1/127.0.0.1:16379
24-10-13.00:52:32.071 [main            ] INFO  EndpointLinksResolver  - Exposing 1 endpoint(s) beneath base path '/actuator'
24-10-13.00:52:32.278 [main            ] INFO  RaffleStrategyTest     - Started RaffleStrategyTest in 5.813 seconds (JVM running for 6.619)
24-10-13.00:52:47.047 [main            ] INFO  HikariDataSource       - HikariPool-1 - Starting...
24-10-13.00:52:50.650 [main            ] INFO  HikariDataSource       - HikariPool-1 - Start completed.
24-10-13.00:53:11.217 [SpringApplicationShutdownHook] INFO  HikariDataSource       - HikariPool-1 - Shutdown initiated...
24-10-13.00:53:11.223 [SpringApplicationShutdownHook] INFO  HikariDataSource       - HikariPool-1 - Shutdown completed.
24-10-13.00:56:02.101 [main            ] INFO  RaffleStrategyTest     - Starting RaffleStrategyTest using Java 1.8.0_281 on leeseemonster with PID 24884 (started by 程力骁 in D:\work\big-market\big-market\big-market-app)
24-10-13.00:56:02.102 [main            ] INFO  RaffleStrategyTest     - The following 1 profile is active: "dev"
24-10-13.00:56:02.808 [main            ] INFO  RepositoryConfigurationDelegate - Multiple Spring Data modules found, entering strict repository configuration mode
24-10-13.00:56:02.810 [main            ] INFO  RepositoryConfigurationDelegate - Bootstrapping Spring Data Redis repositories in DEFAULT mode.
24-10-13.00:56:02.833 [main            ] INFO  RepositoryConfigurationDelegate - Finished Spring Data repository scanning in 11 ms. Found 0 Redis repository interfaces.
24-10-13.00:56:04.364 [main            ] INFO  Version                - Redisson 3.23.4
24-10-13.00:56:05.140 [redisson-netty-2-4] INFO  MasterPubSubConnectionPool - 1 connections initialized for 127.0.0.1/127.0.0.1:16379
24-10-13.00:56:05.156 [redisson-netty-2-13] INFO  MasterConnectionPool   - 5 connections initialized for 127.0.0.1/127.0.0.1:16379
24-10-13.00:56:07.113 [main            ] INFO  EndpointLinksResolver  - Exposing 1 endpoint(s) beneath base path '/actuator'
24-10-13.00:56:07.355 [main            ] INFO  RaffleStrategyTest     - Started RaffleStrategyTest in 5.646 seconds (JVM running for 6.399)
24-10-13.00:56:09.344 [main            ] INFO  HikariDataSource       - HikariPool-1 - Starting...
24-10-13.00:56:10.130 [main            ] INFO  HikariDataSource       - HikariPool-1 - Start completed.
24-10-13.00:56:10.190 [SpringApplicationShutdownHook] INFO  HikariDataSource       - HikariPool-1 - Shutdown initiated...
24-10-13.00:56:10.193 [SpringApplicationShutdownHook] INFO  HikariDataSource       - HikariPool-1 - Shutdown completed.
24-10-13.00:57:54.652 [main            ] INFO  RaffleStrategyTest     - Starting RaffleStrategyTest using Java 1.8.0_281 on leeseemonster with PID 35740 (started by 程力骁 in D:\work\big-market\big-market\big-market-app)
24-10-13.00:57:54.653 [main            ] INFO  RaffleStrategyTest     - The following 1 profile is active: "dev"
24-10-13.00:57:55.425 [main            ] INFO  RepositoryConfigurationDelegate - Multiple Spring Data modules found, entering strict repository configuration mode
24-10-13.00:57:55.427 [main            ] INFO  RepositoryConfigurationDelegate - Bootstrapping Spring Data Redis repositories in DEFAULT mode.
24-10-13.00:57:55.460 [main            ] INFO  RepositoryConfigurationDelegate - Finished Spring Data repository scanning in 18 ms. Found 0 Redis repository interfaces.
24-10-13.00:57:57.150 [main            ] INFO  Version                - Redisson 3.23.4
24-10-13.00:57:57.992 [redisson-netty-2-4] INFO  MasterPubSubConnectionPool - 1 connections initialized for 127.0.0.1/127.0.0.1:16379
24-10-13.00:57:58.005 [redisson-netty-2-13] INFO  MasterConnectionPool   - 5 connections initialized for 127.0.0.1/127.0.0.1:16379
24-10-13.00:57:59.763 [main            ] INFO  EndpointLinksResolver  - Exposing 1 endpoint(s) beneath base path '/actuator'
24-10-13.00:57:59.958 [main            ] INFO  RaffleStrategyTest     - Started RaffleStrategyTest in 5.688 seconds (JVM running for 6.449)
24-10-13.00:58:04.513 [main            ] INFO  HikariDataSource       - HikariPool-1 - Starting...
24-10-13.00:58:08.167 [main            ] INFO  HikariDataSource       - HikariPool-1 - Start completed.
24-10-13.00:58:12.007 [SpringApplicationShutdownHook] INFO  HikariDataSource       - HikariPool-1 - Shutdown initiated...
24-10-13.00:58:12.010 [SpringApplicationShutdownHook] INFO  HikariDataSource       - HikariPool-1 - Shutdown completed.
24-10-13.01:03:10.074 [main            ] INFO  RaffleStrategyTest     - Starting RaffleStrategyTest using Java 1.8.0_281 on leeseemonster with PID 33952 (started by 程力骁 in D:\work\big-market\big-market\big-market-app)
24-10-13.01:03:10.075 [main            ] INFO  RaffleStrategyTest     - The following 1 profile is active: "dev"
24-10-13.01:03:10.792 [main            ] INFO  RepositoryConfigurationDelegate - Multiple Spring Data modules found, entering strict repository configuration mode
24-10-13.01:03:10.795 [main            ] INFO  RepositoryConfigurationDelegate - Bootstrapping Spring Data Redis repositories in DEFAULT mode.
24-10-13.01:03:10.819 [main            ] INFO  RepositoryConfigurationDelegate - Finished Spring Data repository scanning in 12 ms. Found 0 Redis repository interfaces.
24-10-13.01:03:12.570 [main            ] INFO  Version                - Redisson 3.23.4
24-10-13.01:03:13.340 [redisson-netty-2-4] INFO  MasterPubSubConnectionPool - 1 connections initialized for 127.0.0.1/127.0.0.1:16379
24-10-13.01:03:13.354 [redisson-netty-2-13] INFO  MasterConnectionPool   - 5 connections initialized for 127.0.0.1/127.0.0.1:16379
24-10-13.01:03:15.187 [main            ] INFO  EndpointLinksResolver  - Exposing 1 endpoint(s) beneath base path '/actuator'
24-10-13.01:03:15.374 [main            ] INFO  RaffleStrategyTest     - Started RaffleStrategyTest in 5.645 seconds (JVM running for 6.509)
24-10-13.01:03:37.027 [main            ] INFO  HikariDataSource       - HikariPool-1 - Starting...
24-10-13.01:03:40.595 [main            ] INFO  HikariDataSource       - HikariPool-1 - Start completed.
24-10-13.01:04:07.352 [HikariPool-1 housekeeper] WARN  HikariPool             - HikariPool-1 - Thread starvation or clock leap detected (housekeeper delta=56s756ms816µs200ns).
24-10-13.01:04:07.400 [SpringApplicationShutdownHook] INFO  HikariDataSource       - HikariPool-1 - Shutdown initiated...
24-10-13.01:04:07.426 [SpringApplicationShutdownHook] INFO  HikariDataSource       - HikariPool-1 - Shutdown completed.
24-10-13.01:08:15.850 [main            ] INFO  RaffleStrategyTest     - Starting RaffleStrategyTest using Java 1.8.0_281 on leeseemonster with PID 20436 (started by 程力骁 in D:\work\big-market\big-market\big-market-app)
24-10-13.01:08:15.851 [main            ] INFO  RaffleStrategyTest     - The following 1 profile is active: "dev"
24-10-13.01:08:16.577 [main            ] INFO  RepositoryConfigurationDelegate - Multiple Spring Data modules found, entering strict repository configuration mode
24-10-13.01:08:16.580 [main            ] INFO  RepositoryConfigurationDelegate - Bootstrapping Spring Data Redis repositories in DEFAULT mode.
24-10-13.01:08:16.603 [main            ] INFO  RepositoryConfigurationDelegate - Finished Spring Data repository scanning in 12 ms. Found 0 Redis repository interfaces.
24-10-13.01:08:18.187 [main            ] INFO  Version                - Redisson 3.23.4
24-10-13.01:08:19.031 [redisson-netty-2-6] INFO  MasterPubSubConnectionPool - 1 connections initialized for 127.0.0.1/127.0.0.1:16379
24-10-13.01:08:19.042 [redisson-netty-2-13] INFO  MasterConnectionPool   - 5 connections initialized for 127.0.0.1/127.0.0.1:16379
24-10-13.01:08:20.779 [main            ] INFO  EndpointLinksResolver  - Exposing 1 endpoint(s) beneath base path '/actuator'
24-10-13.01:08:20.989 [main            ] INFO  RaffleStrategyTest     - Started RaffleStrategyTest in 5.513 seconds (JVM running for 6.248)
24-10-13.01:08:23.665 [main            ] INFO  HikariDataSource       - HikariPool-1 - Starting...
24-10-13.01:08:24.570 [main            ] INFO  HikariDataSource       - HikariPool-1 - Start completed.
24-10-13.01:08:24.644 [SpringApplicationShutdownHook] INFO  HikariDataSource       - HikariPool-1 - Shutdown initiated...
24-10-13.01:08:24.647 [SpringApplicationShutdownHook] INFO  HikariDataSource       - HikariPool-1 - Shutdown completed.
24-10-13.01:12:20.983 [main            ] INFO  RaffleStrategyTest     - Starting RaffleStrategyTest using Java 1.8.0_281 on leeseemonster with PID 20040 (started by 程力骁 in D:\work\big-market\big-market\big-market-app)
24-10-13.01:12:20.984 [main            ] INFO  RaffleStrategyTest     - The following 1 profile is active: "dev"
24-10-13.01:12:21.709 [main            ] INFO  RepositoryConfigurationDelegate - Multiple Spring Data modules found, entering strict repository configuration mode
24-10-13.01:12:21.713 [main            ] INFO  RepositoryConfigurationDelegate - Bootstrapping Spring Data Redis repositories in DEFAULT mode.
24-10-13.01:12:21.739 [main            ] INFO  RepositoryConfigurationDelegate - Finished Spring Data repository scanning in 13 ms. Found 0 Redis repository interfaces.
24-10-13.01:12:23.380 [main            ] INFO  Version                - Redisson 3.23.4
24-10-13.01:12:24.216 [redisson-netty-2-4] INFO  MasterPubSubConnectionPool - 1 connections initialized for 127.0.0.1/127.0.0.1:16379
24-10-13.01:12:24.231 [redisson-netty-2-13] INFO  MasterConnectionPool   - 5 connections initialized for 127.0.0.1/127.0.0.1:16379
24-10-13.01:12:26.079 [main            ] INFO  EndpointLinksResolver  - Exposing 1 endpoint(s) beneath base path '/actuator'
24-10-13.01:12:26.251 [main            ] INFO  RaffleStrategyTest     - Started RaffleStrategyTest in 5.62 seconds (JVM running for 6.35)
24-10-13.01:12:28.801 [main            ] INFO  HikariDataSource       - HikariPool-1 - Starting...
24-10-13.01:12:32.350 [main            ] INFO  HikariDataSource       - HikariPool-1 - Start completed.
24-10-13.01:13:04.488 [SpringApplicationShutdownHook] INFO  HikariDataSource       - HikariPool-1 - Shutdown initiated...
24-10-13.01:13:04.500 [SpringApplicationShutdownHook] INFO  HikariDataSource       - HikariPool-1 - Shutdown completed.
24-10-13.01:23:36.493 [main            ] INFO  StrategyRuleMapperTest - Starting StrategyRuleMapperTest using Java 1.8.0_281 on leeseemonster with PID 27328 (started by 程力骁 in D:\work\big-market\big-market\big-market-app)
24-10-13.01:23:36.494 [main            ] INFO  StrategyRuleMapperTest - The following 1 profile is active: "dev"
24-10-13.01:23:37.198 [main            ] INFO  RepositoryConfigurationDelegate - Multiple Spring Data modules found, entering strict repository configuration mode
24-10-13.01:23:37.201 [main            ] INFO  RepositoryConfigurationDelegate - Bootstrapping Spring Data Redis repositories in DEFAULT mode.
24-10-13.01:23:37.223 [main            ] INFO  RepositoryConfigurationDelegate - Finished Spring Data repository scanning in 12 ms. Found 0 Redis repository interfaces.
24-10-13.01:23:38.826 [main            ] INFO  Version                - Redisson 3.23.4
24-10-13.01:23:39.630 [redisson-netty-2-4] INFO  MasterPubSubConnectionPool - 1 connections initialized for 127.0.0.1/127.0.0.1:16379
24-10-13.01:23:39.643 [redisson-netty-2-13] INFO  MasterConnectionPool   - 5 connections initialized for 127.0.0.1/127.0.0.1:16379
24-10-13.01:23:41.053 [main            ] INFO  EndpointLinksResolver  - Exposing 1 endpoint(s) beneath base path '/actuator'
24-10-13.01:23:41.111 [main            ] INFO  StrategyRuleMapperTest - Started StrategyRuleMapperTest in 4.92 seconds (JVM running for 5.528)
24-10-13.01:23:41.424 [main            ] INFO  HikariDataSource       - HikariPool-1 - Starting...
24-10-13.01:23:42.146 [main            ] INFO  HikariDataSource       - HikariPool-1 - Start completed.
24-10-13.01:23:42.184 [main            ] INFO  StrategyRuleMapperTest - 测试结果：rule_weight
24-10-13.01:23:42.236 [SpringApplicationShutdownHook] INFO  HikariDataSource       - HikariPool-1 - Shutdown initiated...
24-10-13.01:23:42.238 [SpringApplicationShutdownHook] INFO  HikariDataSource       - HikariPool-1 - Shutdown completed.
24-10-13.01:27:33.207 [main            ] INFO  StrategyRuleMapperTest - Starting StrategyRuleMapperTest using Java 1.8.0_281 on leeseemonster with PID 25088 (started by 程力骁 in D:\work\big-market\big-market\big-market-app)
24-10-13.01:27:33.208 [main            ] INFO  StrategyRuleMapperTest - The following 1 profile is active: "dev"
24-10-13.01:27:33.846 [main            ] INFO  RepositoryConfigurationDelegate - Multiple Spring Data modules found, entering strict repository configuration mode
24-10-13.01:27:33.848 [main            ] INFO  RepositoryConfigurationDelegate - Bootstrapping Spring Data Redis repositories in DEFAULT mode.
24-10-13.01:27:33.873 [main            ] INFO  RepositoryConfigurationDelegate - Finished Spring Data repository scanning in 14 ms. Found 0 Redis repository interfaces.
24-10-13.01:27:35.240 [main            ] INFO  Version                - Redisson 3.23.4
24-10-13.01:27:36.040 [redisson-netty-2-4] INFO  MasterPubSubConnectionPool - 1 connections initialized for 127.0.0.1/127.0.0.1:16379
24-10-13.01:27:36.050 [redisson-netty-2-13] INFO  MasterConnectionPool   - 5 connections initialized for 127.0.0.1/127.0.0.1:16379
24-10-13.01:27:37.488 [main            ] INFO  EndpointLinksResolver  - Exposing 1 endpoint(s) beneath base path '/actuator'
24-10-13.01:27:37.537 [main            ] INFO  StrategyRuleMapperTest - Started StrategyRuleMapperTest in 4.637 seconds (JVM running for 5.25)
24-10-13.01:27:37.842 [main            ] INFO  HikariDataSource       - HikariPool-1 - Starting...
24-10-13.01:27:38.608 [main            ] INFO  HikariDataSource       - HikariPool-1 - Start completed.
24-10-13.01:27:38.695 [SpringApplicationShutdownHook] INFO  HikariDataSource       - HikariPool-1 - Shutdown initiated...
24-10-13.01:27:38.697 [SpringApplicationShutdownHook] INFO  HikariDataSource       - HikariPool-1 - Shutdown completed.
24-10-13.01:34:34.096 [main            ] INFO  StrategyRuleMapperTest - Starting StrategyRuleMapperTest using Java 1.8.0_281 on leeseemonster with PID 33976 (started by 程力骁 in D:\work\big-market\big-market\big-market-app)
24-10-13.01:34:34.097 [main            ] INFO  StrategyRuleMapperTest - The following 1 profile is active: "dev"
24-10-13.01:34:34.753 [main            ] INFO  RepositoryConfigurationDelegate - Multiple Spring Data modules found, entering strict repository configuration mode
24-10-13.01:34:34.757 [main            ] INFO  RepositoryConfigurationDelegate - Bootstrapping Spring Data Redis repositories in DEFAULT mode.
24-10-13.01:34:34.781 [main            ] INFO  RepositoryConfigurationDelegate - Finished Spring Data repository scanning in 12 ms. Found 0 Redis repository interfaces.
24-10-13.01:34:36.293 [main            ] INFO  Version                - Redisson 3.23.4
24-10-13.01:34:37.143 [redisson-netty-2-4] INFO  MasterPubSubConnectionPool - 1 connections initialized for 127.0.0.1/127.0.0.1:16379
24-10-13.01:34:37.158 [redisson-netty-2-13] INFO  MasterConnectionPool   - 5 connections initialized for 127.0.0.1/127.0.0.1:16379
24-10-13.01:34:38.511 [main            ] INFO  EndpointLinksResolver  - Exposing 1 endpoint(s) beneath base path '/actuator'
24-10-13.01:34:38.582 [main            ] INFO  StrategyRuleMapperTest - Started StrategyRuleMapperTest in 4.801 seconds (JVM running for 5.519)
24-10-13.01:34:38.906 [main            ] INFO  HikariDataSource       - HikariPool-1 - Starting...
24-10-13.01:34:39.691 [main            ] INFO  HikariDataSource       - HikariPool-1 - Start completed.
24-10-13.01:34:39.728 [main            ] INFO  StrategyRuleMapperTest - 测试结果：StrategyRule(id=null, strategyId=100001, awardId=null, ruleType=1, ruleModel=rule_weight, ruleValue=4000:102,103,104,105 5000:102,103,104,105,106,107 6000:102,103,104,105,106,107,108,109, ruleDesc=消耗6000分，必中奖范围, createTime=null, updateTime=null)
24-10-13.01:34:39.756 [SpringApplicationShutdownHook] INFO  HikariDataSource       - HikariPool-1 - Shutdown initiated...
24-10-13.01:34:39.759 [SpringApplicationShutdownHook] INFO  HikariDataSource       - HikariPool-1 - Shutdown completed.
24-10-13.01:36:37.892 [main            ] INFO  RaffleStrategyTest     - Starting RaffleStrategyTest using Java 1.8.0_281 on leeseemonster with PID 26372 (started by 程力骁 in D:\work\big-market\big-market\big-market-app)
24-10-13.01:36:37.899 [main            ] INFO  RaffleStrategyTest     - The following 1 profile is active: "dev"
24-10-13.01:36:38.539 [main            ] INFO  RepositoryConfigurationDelegate - Multiple Spring Data modules found, entering strict repository configuration mode
24-10-13.01:36:38.541 [main            ] INFO  RepositoryConfigurationDelegate - Bootstrapping Spring Data Redis repositories in DEFAULT mode.
24-10-13.01:36:38.565 [main            ] INFO  RepositoryConfigurationDelegate - Finished Spring Data repository scanning in 14 ms. Found 0 Redis repository interfaces.
24-10-13.01:36:40.096 [main            ] INFO  Version                - Redisson 3.23.4
24-10-13.01:36:40.972 [redisson-netty-2-4] INFO  MasterPubSubConnectionPool - 1 connections initialized for 127.0.0.1/127.0.0.1:16379
24-10-13.01:36:40.984 [redisson-netty-2-13] INFO  MasterConnectionPool   - 5 connections initialized for 127.0.0.1/127.0.0.1:16379
24-10-13.01:36:42.497 [main            ] INFO  EndpointLinksResolver  - Exposing 1 endpoint(s) beneath base path '/actuator'
24-10-13.01:36:42.583 [main            ] INFO  RaffleStrategyTest     - Started RaffleStrategyTest in 5.01 seconds (JVM running for 5.727)
24-10-13.01:36:43.102 [main            ] INFO  HikariDataSource       - HikariPool-1 - Starting...
24-10-13.01:36:43.907 [main            ] INFO  HikariDataSource       - HikariPool-1 - Start completed.
24-10-13.01:36:43.980 [main            ] INFO  RaffleStrategyTest     - 测试结果：true
24-10-13.01:36:44.032 [SpringApplicationShutdownHook] INFO  HikariDataSource       - HikariPool-1 - Shutdown initiated...
24-10-13.01:36:44.052 [SpringApplicationShutdownHook] INFO  HikariDataSource       - HikariPool-1 - Shutdown completed.
24-10-13.01:37:12.198 [main            ] INFO  RaffleStrategyTest     - Starting RaffleStrategyTest using Java 1.8.0_281 on leeseemonster with PID 31960 (started by 程力骁 in D:\work\big-market\big-market\big-market-app)
24-10-13.01:37:12.198 [main            ] INFO  RaffleStrategyTest     - The following 1 profile is active: "dev"
24-10-13.01:37:12.905 [main            ] INFO  RepositoryConfigurationDelegate - Multiple Spring Data modules found, entering strict repository configuration mode
24-10-13.01:37:12.907 [main            ] INFO  RepositoryConfigurationDelegate - Bootstrapping Spring Data Redis repositories in DEFAULT mode.
24-10-13.01:37:12.934 [main            ] INFO  RepositoryConfigurationDelegate - Finished Spring Data repository scanning in 14 ms. Found 0 Redis repository interfaces.
24-10-13.01:37:14.576 [main            ] INFO  Version                - Redisson 3.23.4
24-10-13.01:37:15.534 [redisson-netty-2-4] INFO  MasterPubSubConnectionPool - 1 connections initialized for 127.0.0.1/127.0.0.1:16379
24-10-13.01:37:15.548 [redisson-netty-2-13] INFO  MasterConnectionPool   - 5 connections initialized for 127.0.0.1/127.0.0.1:16379
24-10-13.01:37:17.340 [main            ] INFO  EndpointLinksResolver  - Exposing 1 endpoint(s) beneath base path '/actuator'
24-10-13.01:37:17.511 [main            ] INFO  RaffleStrategyTest     - Started RaffleStrategyTest in 5.685 seconds (JVM running for 6.432)
24-10-13.01:37:17.895 [main            ] INFO  HikariDataSource       - HikariPool-1 - Starting...
24-10-13.01:37:18.775 [main            ] INFO  HikariDataSource       - HikariPool-1 - Start completed.
24-10-13.01:37:18.856 [main            ] INFO  RaffleStrategyTest     - 测试结果：true
24-10-13.01:39:58.690 [main            ] INFO  RaffleStrategyTest     - Starting RaffleStrategyTest using Java 1.8.0_281 on leeseemonster with PID 32188 (started by 程力骁 in D:\work\big-market\big-market\big-market-app)
24-10-13.01:39:58.691 [main            ] INFO  RaffleStrategyTest     - The following 1 profile is active: "dev"
24-10-13.01:39:59.393 [main            ] INFO  RepositoryConfigurationDelegate - Multiple Spring Data modules found, entering strict repository configuration mode
24-10-13.01:39:59.396 [main            ] INFO  RepositoryConfigurationDelegate - Bootstrapping Spring Data Redis repositories in DEFAULT mode.
24-10-13.01:39:59.421 [main            ] INFO  RepositoryConfigurationDelegate - Finished Spring Data repository scanning in 12 ms. Found 0 Redis repository interfaces.
24-10-13.01:40:01.051 [main            ] INFO  Version                - Redisson 3.23.4
24-10-13.01:40:01.951 [redisson-netty-2-4] INFO  MasterPubSubConnectionPool - 1 connections initialized for 127.0.0.1/127.0.0.1:16379
24-10-13.01:40:01.973 [redisson-netty-2-13] INFO  MasterConnectionPool   - 5 connections initialized for 127.0.0.1/127.0.0.1:16379
24-10-13.01:40:03.549 [main            ] INFO  EndpointLinksResolver  - Exposing 1 endpoint(s) beneath base path '/actuator'
24-10-13.01:40:03.748 [main            ] INFO  RaffleStrategyTest     - Started RaffleStrategyTest in 5.429 seconds (JVM running for 6.266)
24-10-13.01:40:04.181 [main            ] INFO  HikariDataSource       - HikariPool-1 - Starting...
24-10-13.01:40:05.068 [main            ] INFO  HikariDataSource       - HikariPool-1 - Start completed.
24-10-13.01:40:05.147 [main            ] INFO  RaffleStrategyTest     - 测试结果：true
24-10-13.01:40:13.077 [SpringApplicationShutdownHook] INFO  HikariDataSource       - HikariPool-1 - Shutdown initiated...
24-10-13.01:40:13.092 [SpringApplicationShutdownHook] INFO  HikariDataSource       - HikariPool-1 - Shutdown completed.
24-10-13.01:40:45.298 [main            ] INFO  RaffleStrategyTest     - Starting RaffleStrategyTest using Java 1.8.0_281 on leeseemonster with PID 19004 (started by 程力骁 in D:\work\big-market\big-market\big-market-app)
24-10-13.01:40:45.299 [main            ] INFO  RaffleStrategyTest     - The following 1 profile is active: "dev"
24-10-13.01:40:46.022 [main            ] INFO  RepositoryConfigurationDelegate - Multiple Spring Data modules found, entering strict repository configuration mode
24-10-13.01:40:46.025 [main            ] INFO  RepositoryConfigurationDelegate - Bootstrapping Spring Data Redis repositories in DEFAULT mode.
24-10-13.01:40:46.051 [main            ] INFO  RepositoryConfigurationDelegate - Finished Spring Data repository scanning in 13 ms. Found 0 Redis repository interfaces.
24-10-13.01:40:47.674 [main            ] INFO  Version                - Redisson 3.23.4
24-10-13.01:40:48.512 [redisson-netty-2-4] INFO  MasterPubSubConnectionPool - 1 connections initialized for 127.0.0.1/127.0.0.1:16379
24-10-13.01:40:48.548 [redisson-netty-2-13] INFO  MasterConnectionPool   - 5 connections initialized for 127.0.0.1/127.0.0.1:16379
24-10-13.01:40:50.150 [main            ] INFO  EndpointLinksResolver  - Exposing 1 endpoint(s) beneath base path '/actuator'
24-10-13.01:40:50.342 [main            ] INFO  RaffleStrategyTest     - Started RaffleStrategyTest in 5.387 seconds (JVM running for 6.12)
24-10-13.01:40:50.689 [main            ] INFO  HikariDataSource       - HikariPool-1 - Starting...
24-10-13.01:40:51.529 [main            ] INFO  HikariDataSource       - HikariPool-1 - Start completed.
24-10-13.01:40:51.618 [main            ] INFO  RaffleStrategyTest     - 测试结果：true
24-10-13.01:40:51.636 [main            ] INFO  RaffleStrategyTest     - 测试结果：true
24-10-13.01:40:51.703 [SpringApplicationShutdownHook] INFO  HikariDataSource       - HikariPool-1 - Shutdown initiated...
24-10-13.01:40:51.719 [SpringApplicationShutdownHook] INFO  HikariDataSource       - HikariPool-1 - Shutdown completed.
24-10-13.01:41:16.459 [HikariPool-1 housekeeper] WARN  HikariPool             - HikariPool-1 - Thread starvation or clock leap detected (housekeeper delta=4m27s683ms748µs).
24-10-13.01:41:16.510 [SpringApplicationShutdownHook] INFO  HikariDataSource       - HikariPool-1 - Shutdown initiated...
24-10-13.01:41:16.531 [SpringApplicationShutdownHook] INFO  HikariDataSource       - HikariPool-1 - Shutdown completed.
24-10-13.01:41:19.130 [main            ] INFO  RaffleStrategyTest     - Starting RaffleStrategyTest using Java 1.8.0_281 on leeseemonster with PID 6896 (started by 程力骁 in D:\work\big-market\big-market\big-market-app)
24-10-13.01:41:19.131 [main            ] INFO  RaffleStrategyTest     - The following 1 profile is active: "dev"
24-10-13.01:41:19.841 [main            ] INFO  RepositoryConfigurationDelegate - Multiple Spring Data modules found, entering strict repository configuration mode
24-10-13.01:41:19.844 [main            ] INFO  RepositoryConfigurationDelegate - Bootstrapping Spring Data Redis repositories in DEFAULT mode.
24-10-13.01:41:19.870 [main            ] INFO  RepositoryConfigurationDelegate - Finished Spring Data repository scanning in 14 ms. Found 0 Redis repository interfaces.
24-10-13.01:41:21.621 [main            ] INFO  Version                - Redisson 3.23.4
24-10-13.01:41:22.579 [redisson-netty-2-4] INFO  MasterPubSubConnectionPool - 1 connections initialized for 127.0.0.1/127.0.0.1:16379
24-10-13.01:41:22.599 [redisson-netty-2-13] INFO  MasterConnectionPool   - 5 connections initialized for 127.0.0.1/127.0.0.1:16379
24-10-13.01:41:24.365 [main            ] INFO  EndpointLinksResolver  - Exposing 1 endpoint(s) beneath base path '/actuator'
24-10-13.01:41:24.540 [main            ] INFO  RaffleStrategyTest     - Started RaffleStrategyTest in 5.754 seconds (JVM running for 6.51)
24-10-13.01:41:24.944 [main            ] INFO  HikariDataSource       - HikariPool-1 - Starting...
24-10-13.01:41:25.785 [main            ] INFO  HikariDataSource       - HikariPool-1 - Start completed.
24-10-13.01:41:25.850 [main            ] INFO  RaffleStrategyTest     - 测试结果：true
24-10-13.01:41:25.855 [main            ] INFO  RaffleStrategyTest     - 测试结果：true
24-10-13.01:42:58.887 [HikariPool-1 housekeeper] WARN  HikariPool             - HikariPool-1 - Thread starvation or clock leap detected (housekeeper delta=1m26s14ms622µs300ns).
24-10-13.01:42:58.975 [SpringApplicationShutdownHook] INFO  HikariDataSource       - HikariPool-1 - Shutdown initiated...
24-10-13.01:42:58.990 [SpringApplicationShutdownHook] INFO  HikariDataSource       - HikariPool-1 - Shutdown completed.
24-10-13.01:44:46.183 [main            ] INFO  RaffleStrategyTest     - Starting RaffleStrategyTest using Java 1.8.0_281 on leeseemonster with PID 16172 (started by 程力骁 in D:\work\big-market\big-market\big-market-app)
24-10-13.01:44:46.184 [main            ] INFO  RaffleStrategyTest     - The following 1 profile is active: "dev"
24-10-13.01:44:46.890 [main            ] INFO  RepositoryConfigurationDelegate - Multiple Spring Data modules found, entering strict repository configuration mode
24-10-13.01:44:46.893 [main            ] INFO  RepositoryConfigurationDelegate - Bootstrapping Spring Data Redis repositories in DEFAULT mode.
24-10-13.01:44:46.921 [main            ] INFO  RepositoryConfigurationDelegate - Finished Spring Data repository scanning in 14 ms. Found 0 Redis repository interfaces.
24-10-13.01:44:48.556 [main            ] INFO  Version                - Redisson 3.23.4
24-10-13.01:44:49.393 [redisson-netty-2-4] INFO  MasterPubSubConnectionPool - 1 connections initialized for 127.0.0.1/127.0.0.1:16379
24-10-13.01:44:49.426 [redisson-netty-2-13] INFO  MasterConnectionPool   - 5 connections initialized for 127.0.0.1/127.0.0.1:16379
24-10-13.01:44:51.059 [main            ] INFO  EndpointLinksResolver  - Exposing 1 endpoint(s) beneath base path '/actuator'
24-10-13.01:44:51.281 [main            ] INFO  RaffleStrategyTest     - Started RaffleStrategyTest in 5.45 seconds (JVM running for 6.198)
24-10-13.01:44:51.630 [main            ] INFO  HikariDataSource       - HikariPool-1 - Starting...
24-10-13.01:44:52.624 [main            ] INFO  HikariDataSource       - HikariPool-1 - Start completed.
24-10-13.01:44:52.688 [main            ] INFO  RaffleStrategyTest     - 测试结果：true
24-10-13.01:44:52.693 [main            ] INFO  RaffleStrategyTest     - 测试结果：true
24-10-13.01:45:11.509 [HikariPool-1 housekeeper] WARN  HikariPool             - HikariPool-1 - Thread starvation or clock leap detected (housekeeper delta=48s885ms240µs900ns).
24-10-13.01:45:11.600 [SpringApplicationShutdownHook] INFO  HikariDataSource       - HikariPool-1 - Shutdown initiated...
24-10-13.01:45:11.616 [SpringApplicationShutdownHook] INFO  HikariDataSource       - HikariPool-1 - Shutdown completed.
24-10-13.01:47:11.320 [main            ] INFO  RaffleStrategyTest     - Starting RaffleStrategyTest using Java 1.8.0_281 on leeseemonster with PID 11884 (started by 程力骁 in D:\work\big-market\big-market\big-market-app)
24-10-13.01:47:11.321 [main            ] INFO  RaffleStrategyTest     - The following 1 profile is active: "dev"
24-10-13.01:47:12.009 [main            ] INFO  RepositoryConfigurationDelegate - Multiple Spring Data modules found, entering strict repository configuration mode
24-10-13.01:47:12.012 [main            ] INFO  RepositoryConfigurationDelegate - Bootstrapping Spring Data Redis repositories in DEFAULT mode.
24-10-13.01:47:12.038 [main            ] INFO  RepositoryConfigurationDelegate - Finished Spring Data repository scanning in 13 ms. Found 0 Redis repository interfaces.
24-10-13.01:47:13.517 [main            ] INFO  Version                - Redisson 3.23.4
24-10-13.01:47:14.431 [redisson-netty-2-4] INFO  MasterPubSubConnectionPool - 1 connections initialized for 127.0.0.1/127.0.0.1:16379
24-10-13.01:47:14.472 [redisson-netty-2-13] INFO  MasterConnectionPool   - 5 connections initialized for 127.0.0.1/127.0.0.1:16379
24-10-13.01:47:16.141 [main            ] INFO  EndpointLinksResolver  - Exposing 1 endpoint(s) beneath base path '/actuator'
24-10-13.01:47:16.353 [main            ] INFO  RaffleStrategyTest     - Started RaffleStrategyTest in 5.415 seconds (JVM running for 6.135)
24-10-13.01:47:16.720 [main            ] INFO  HikariDataSource       - HikariPool-1 - Starting...
24-10-13.01:47:17.480 [main            ] INFO  HikariDataSource       - HikariPool-1 - Start completed.
24-10-13.01:47:17.585 [main            ] INFO  RaffleStrategyTest     - 测试结果：true
24-10-13.01:47:17.599 [main            ] INFO  RaffleStrategyTest     - 测试结果：true
24-10-13.01:51:15.775 [HikariPool-1 housekeeper] WARN  HikariPool             - HikariPool-1 - Thread starvation or clock leap detected (housekeeper delta=3m58s188ms715µs100ns).
24-10-13.01:51:15.836 [SpringApplicationShutdownHook] INFO  HikariDataSource       - HikariPool-1 - Shutdown initiated...
24-10-13.01:51:15.843 [SpringApplicationShutdownHook] INFO  HikariDataSource       - HikariPool-1 - Shutdown completed.
24-10-13.01:51:21.405 [main            ] INFO  RaffleStrategyTest     - Starting RaffleStrategyTest using Java 1.8.0_281 on leeseemonster with PID 30828 (started by 程力骁 in D:\work\big-market\big-market\big-market-app)
24-10-13.01:51:21.405 [main            ] INFO  RaffleStrategyTest     - The following 1 profile is active: "dev"
24-10-13.01:51:22.118 [main            ] INFO  RepositoryConfigurationDelegate - Multiple Spring Data modules found, entering strict repository configuration mode
24-10-13.01:51:22.121 [main            ] INFO  RepositoryConfigurationDelegate - Bootstrapping Spring Data Redis repositories in DEFAULT mode.
24-10-13.01:51:22.145 [main            ] INFO  RepositoryConfigurationDelegate - Finished Spring Data repository scanning in 12 ms. Found 0 Redis repository interfaces.
24-10-13.01:51:24.230 [main            ] INFO  Version                - Redisson 3.23.4
24-10-13.01:51:25.391 [redisson-netty-2-5] INFO  MasterPubSubConnectionPool - 1 connections initialized for 127.0.0.1/127.0.0.1:16379
24-10-13.01:51:25.422 [redisson-netty-2-13] INFO  MasterConnectionPool   - 5 connections initialized for 127.0.0.1/127.0.0.1:16379
24-10-13.01:51:27.162 [main            ] INFO  EndpointLinksResolver  - Exposing 1 endpoint(s) beneath base path '/actuator'
24-10-13.01:51:27.226 [main            ] INFO  RaffleStrategyTest     - Started RaffleStrategyTest in 6.186 seconds (JVM running for 6.966)
24-10-13.01:51:27.748 [main            ] INFO  HikariDataSource       - HikariPool-1 - Starting...
24-10-13.01:51:28.617 [main            ] INFO  HikariDataSource       - HikariPool-1 - Start completed.
24-10-13.01:51:28.689 [main            ] INFO  RaffleStrategyTest     - 测试结果：true
24-10-13.01:51:28.700 [main            ] INFO  RaffleStrategyTest     - 测试结果：true
24-10-13.01:52:43.959 [HikariPool-1 housekeeper] WARN  HikariPool             - HikariPool-1 - Thread starvation or clock leap detected (housekeeper delta=1m5s42ms115µs500ns).
24-10-13.02:03:05.458 [HikariPool-1 housekeeper] WARN  HikariPool             - HikariPool-1 - Thread starvation or clock leap detected (housekeeper delta=10m21s501ms96µs).
24-10-13.02:03:05.544 [SpringApplicationShutdownHook] INFO  HikariDataSource       - HikariPool-1 - Shutdown initiated...
24-10-13.02:03:05.552 [SpringApplicationShutdownHook] INFO  HikariDataSource       - HikariPool-1 - Shutdown completed.
24-10-13.02:05:19.898 [main            ] INFO  RaffleStrategyTest     - Starting RaffleStrategyTest using Java 1.8.0_281 on leeseemonster with PID 26612 (started by 程力骁 in D:\work\big-market\big-market\big-market-app)
24-10-13.02:05:19.907 [main            ] INFO  RaffleStrategyTest     - The following 1 profile is active: "dev"
24-10-13.02:05:20.520 [main            ] INFO  RepositoryConfigurationDelegate - Multiple Spring Data modules found, entering strict repository configuration mode
24-10-13.02:05:20.522 [main            ] INFO  RepositoryConfigurationDelegate - Bootstrapping Spring Data Redis repositories in DEFAULT mode.
24-10-13.02:05:20.553 [main            ] INFO  RepositoryConfigurationDelegate - Finished Spring Data repository scanning in 13 ms. Found 0 Redis repository interfaces.
24-10-13.02:05:21.978 [main            ] INFO  Version                - Redisson 3.23.4
24-10-13.02:05:22.918 [redisson-netty-2-4] INFO  MasterPubSubConnectionPool - 1 connections initialized for 127.0.0.1/127.0.0.1:16379
24-10-13.02:05:22.933 [redisson-netty-2-13] INFO  MasterConnectionPool   - 5 connections initialized for 127.0.0.1/127.0.0.1:16379
24-10-13.02:05:24.297 [main            ] INFO  EndpointLinksResolver  - Exposing 1 endpoint(s) beneath base path '/actuator'
24-10-13.02:05:24.353 [main            ] INFO  RaffleStrategyTest     - Started RaffleStrategyTest in 4.744 seconds (JVM running for 7.818)
24-10-13.02:05:24.866 [main            ] INFO  HikariDataSource       - HikariPool-1 - Starting...
24-10-13.02:05:25.651 [main            ] INFO  HikariDataSource       - HikariPool-1 - Start completed.
24-10-13.02:05:25.723 [main            ] INFO  RaffleStrategyTest     - 测试结果：true
24-10-13.02:05:25.732 [main            ] INFO  RaffleStrategyTest     - 测试结果：true
24-10-13.02:05:25.783 [SpringApplicationShutdownHook] INFO  HikariDataSource       - HikariPool-1 - Shutdown initiated...
24-10-13.02:05:25.792 [SpringApplicationShutdownHook] INFO  HikariDataSource       - HikariPool-1 - Shutdown completed.
24-10-13.02:10:11.155 [main            ] INFO  RaffleStrategyTest     - Starting RaffleStrategyTest using Java 1.8.0_281 on leeseemonster with PID 4532 (started by 程力骁 in D:\work\big-market\big-market\big-market-app)
24-10-13.02:10:11.163 [main            ] INFO  RaffleStrategyTest     - The following 1 profile is active: "dev"
24-10-13.02:10:11.835 [main            ] INFO  RepositoryConfigurationDelegate - Multiple Spring Data modules found, entering strict repository configuration mode
24-10-13.02:10:11.837 [main            ] INFO  RepositoryConfigurationDelegate - Bootstrapping Spring Data Redis repositories in DEFAULT mode.
24-10-13.02:10:11.863 [main            ] INFO  RepositoryConfigurationDelegate - Finished Spring Data repository scanning in 13 ms. Found 0 Redis repository interfaces.
24-10-13.02:10:13.420 [main            ] INFO  Version                - Redisson 3.23.4
24-10-13.02:10:14.172 [redisson-netty-2-4] INFO  MasterPubSubConnectionPool - 1 connections initialized for 127.0.0.1/127.0.0.1:16379
24-10-13.02:10:14.183 [redisson-netty-2-13] INFO  MasterConnectionPool   - 5 connections initialized for 127.0.0.1/127.0.0.1:16379
24-10-13.02:10:15.571 [main            ] INFO  EndpointLinksResolver  - Exposing 1 endpoint(s) beneath base path '/actuator'
24-10-13.02:10:15.618 [main            ] INFO  RaffleStrategyTest     - Started RaffleStrategyTest in 4.77 seconds (JVM running for 5.388)
24-10-13.02:10:16.094 [main            ] INFO  HikariDataSource       - HikariPool-1 - Starting...
24-10-13.02:10:16.916 [main            ] INFO  HikariDataSource       - HikariPool-1 - Start completed.
24-10-13.02:10:16.990 [main            ] INFO  RaffleStrategyTest     - 测试结果：true
24-10-13.02:10:16.995 [main            ] INFO  RaffleStrategyTest     - 测试结果：true
24-10-13.02:10:17.038 [SpringApplicationShutdownHook] INFO  HikariDataSource       - HikariPool-1 - Shutdown initiated...
24-10-13.02:10:17.055 [SpringApplicationShutdownHook] INFO  HikariDataSource       - HikariPool-1 - Shutdown completed.
24-10-13.02:12:45.492 [main            ] INFO  RaffleStrategyTest     - Starting RaffleStrategyTest using Java 1.8.0_281 on leeseemonster with PID 33012 (started by 程力骁 in D:\work\big-market\big-market\big-market-app)
24-10-13.02:12:45.494 [main            ] INFO  RaffleStrategyTest     - The following 1 profile is active: "dev"
24-10-13.02:12:46.142 [main            ] INFO  RepositoryConfigurationDelegate - Multiple Spring Data modules found, entering strict repository configuration mode
24-10-13.02:12:46.145 [main            ] INFO  RepositoryConfigurationDelegate - Bootstrapping Spring Data Redis repositories in DEFAULT mode.
24-10-13.02:12:46.170 [main            ] INFO  RepositoryConfigurationDelegate - Finished Spring Data repository scanning in 13 ms. Found 0 Redis repository interfaces.
24-10-13.02:12:47.623 [main            ] INFO  Version                - Redisson 3.23.4
24-10-13.02:12:48.378 [redisson-netty-2-4] INFO  MasterPubSubConnectionPool - 1 connections initialized for 127.0.0.1/127.0.0.1:16379
24-10-13.02:12:48.405 [redisson-netty-2-13] INFO  MasterConnectionPool   - 5 connections initialized for 127.0.0.1/127.0.0.1:16379
24-10-13.02:12:49.848 [main            ] INFO  EndpointLinksResolver  - Exposing 1 endpoint(s) beneath base path '/actuator'
24-10-13.02:12:49.910 [main            ] INFO  RaffleStrategyTest     - Started RaffleStrategyTest in 4.714 seconds (JVM running for 5.357)
24-10-13.02:12:50.372 [main            ] INFO  HikariDataSource       - HikariPool-1 - Starting...
24-10-13.02:12:51.230 [main            ] INFO  HikariDataSource       - HikariPool-1 - Start completed.
24-10-13.02:12:51.309 [main            ] INFO  RaffleStrategyTest     - 测试结果：true
24-10-13.02:12:51.315 [main            ] INFO  RaffleStrategyTest     - 测试结果：true
24-10-13.02:12:51.346 [main            ] INFO  DefaultRaffleStrategy  - 抽奖中规则过滤 userId: leesee ruleModel: rule_lock code: 0001 info: 接管；后续的流程，受规则引擎执行结果影响
24-10-13.02:12:51.346 [main            ] INFO  AbstractRaffleStrategy - 【临时日志】中奖中规则拦截，通过抽奖后规则 rule_luck_award 走兜底奖励。
24-10-13.02:12:51.508 [main            ] INFO  RaffleStrategyTest     - 请求参数：{"strategyId":100003,"userId":"leesee"}
24-10-13.02:12:51.511 [main            ] INFO  RaffleStrategyTest     - 测试结果：{"awardDesc":"中奖中规则拦截，通过抽奖后规则 rule_luck_award 走兜底奖励。"}
24-10-13.02:12:51.556 [SpringApplicationShutdownHook] INFO  HikariDataSource       - HikariPool-1 - Shutdown initiated...
24-10-13.02:12:51.568 [SpringApplicationShutdownHook] INFO  HikariDataSource       - HikariPool-1 - Shutdown completed.
24-10-13.02:16:20.766 [main            ] INFO  RaffleStrategyTest     - Starting RaffleStrategyTest using Java 1.8.0_281 on leeseemonster with PID 26176 (started by 程力骁 in D:\work\big-market\big-market\big-market-app)
24-10-13.02:16:20.767 [main            ] INFO  RaffleStrategyTest     - The following 1 profile is active: "dev"
24-10-13.02:16:21.491 [main            ] INFO  RepositoryConfigurationDelegate - Multiple Spring Data modules found, entering strict repository configuration mode
24-10-13.02:16:21.495 [main            ] INFO  RepositoryConfigurationDelegate - Bootstrapping Spring Data Redis repositories in DEFAULT mode.
24-10-13.02:16:21.519 [main            ] INFO  RepositoryConfigurationDelegate - Finished Spring Data repository scanning in 12 ms. Found 0 Redis repository interfaces.
24-10-13.02:16:23.157 [main            ] INFO  Version                - Redisson 3.23.4
24-10-13.02:16:24.042 [redisson-netty-2-4] INFO  MasterPubSubConnectionPool - 1 connections initialized for 127.0.0.1/127.0.0.1:16379
24-10-13.02:16:24.056 [redisson-netty-2-13] INFO  MasterConnectionPool   - 5 connections initialized for 127.0.0.1/127.0.0.1:16379
24-10-13.02:16:25.803 [main            ] INFO  EndpointLinksResolver  - Exposing 1 endpoint(s) beneath base path '/actuator'
24-10-13.02:16:25.981 [main            ] INFO  RaffleStrategyTest     - Started RaffleStrategyTest in 5.566 seconds (JVM running for 6.306)
24-10-13.02:16:26.361 [main            ] INFO  HikariDataSource       - HikariPool-1 - Starting...
24-10-13.02:16:27.220 [main            ] INFO  HikariDataSource       - HikariPool-1 - Start completed.
24-10-13.02:16:27.305 [main            ] INFO  RaffleStrategyTest     - 测试结果：true
24-10-13.02:16:27.325 [main            ] INFO  RaffleStrategyTest     - 测试结果：true
24-10-13.02:17:52.720 [main            ] INFO  DefaultRaffleStrategy  - 抽奖中规则过滤 userId: leesee ruleModel: rule_lock code: 0001 info: 接管；后续的流程，受规则引擎执行结果影响
24-10-13.02:17:52.720 [main            ] INFO  AbstractRaffleStrategy - 【临时日志】中奖中规则拦截，通过抽奖后规则 rule_luck_award 走兜底奖励。
24-10-13.02:17:52.885 [main            ] INFO  RaffleStrategyTest     - 请求参数：{"strategyId":100003,"userId":"leesee"}
24-10-13.02:17:52.888 [main            ] INFO  RaffleStrategyTest     - 测试结果：{"awardDesc":"中奖中规则拦截，通过抽奖后规则 rule_luck_award 走兜底奖励。"}
24-10-13.02:17:52.921 [SpringApplicationShutdownHook] INFO  HikariDataSource       - HikariPool-1 - Shutdown initiated...
24-10-13.02:17:52.933 [SpringApplicationShutdownHook] INFO  HikariDataSource       - HikariPool-1 - Shutdown completed.
24-10-13.02:17:59.107 [main            ] INFO  RaffleStrategyTest     - Starting RaffleStrategyTest using Java 1.8.0_281 on leeseemonster with PID 30536 (started by 程力骁 in D:\work\big-market\big-market\big-market-app)
24-10-13.02:17:59.108 [main            ] INFO  RaffleStrategyTest     - The following 1 profile is active: "dev"
24-10-13.02:17:59.821 [main            ] INFO  RepositoryConfigurationDelegate - Multiple Spring Data modules found, entering strict repository configuration mode
24-10-13.02:17:59.823 [main            ] INFO  RepositoryConfigurationDelegate - Bootstrapping Spring Data Redis repositories in DEFAULT mode.
24-10-13.02:17:59.847 [main            ] INFO  RepositoryConfigurationDelegate - Finished Spring Data repository scanning in 13 ms. Found 0 Redis repository interfaces.
24-10-13.02:18:01.361 [main            ] INFO  Version                - Redisson 3.23.4
24-10-13.02:18:02.191 [redisson-netty-2-4] INFO  MasterPubSubConnectionPool - 1 connections initialized for 127.0.0.1/127.0.0.1:16379
24-10-13.02:18:02.218 [redisson-netty-2-13] INFO  MasterConnectionPool   - 5 connections initialized for 127.0.0.1/127.0.0.1:16379
24-10-13.02:18:04.273 [main            ] INFO  EndpointLinksResolver  - Exposing 1 endpoint(s) beneath base path '/actuator'
24-10-13.02:18:04.415 [main            ] INFO  RaffleStrategyTest     - Started RaffleStrategyTest in 5.659 seconds (JVM running for 6.446)
24-10-13.02:18:04.794 [main            ] INFO  HikariDataSource       - HikariPool-1 - Starting...
24-10-13.02:18:05.693 [main            ] INFO  HikariDataSource       - HikariPool-1 - Start completed.
24-10-13.02:18:05.772 [main            ] INFO  RaffleStrategyTest     - 测试结果：true
24-10-13.02:18:05.781 [main            ] INFO  RaffleStrategyTest     - 测试结果：true
24-10-13.02:18:54.482 [main            ] INFO  DefaultRaffleStrategy  - 抽奖中规则过滤 userId: leesee ruleModel: rule_lock code: 0001 info: 接管；后续的流程，受规则引擎执行结果影响
24-10-13.02:18:54.482 [main            ] INFO  AbstractRaffleStrategy - 【临时日志】中奖中规则拦截，通过抽奖后规则 rule_luck_award 走兜底奖励。
24-10-13.02:18:54.642 [main            ] INFO  RaffleStrategyTest     - 请求参数：{"strategyId":100003,"userId":"leesee"}
24-10-13.02:18:54.644 [main            ] INFO  RaffleStrategyTest     - 测试结果：{"awardDesc":"中奖中规则拦截，通过抽奖后规则 rule_luck_award 走兜底奖励。"}
24-10-13.02:18:54.683 [SpringApplicationShutdownHook] INFO  HikariDataSource       - HikariPool-1 - Shutdown initiated...
24-10-13.02:18:54.692 [SpringApplicationShutdownHook] INFO  HikariDataSource       - HikariPool-1 - Shutdown completed.
